transaction_id,card_id,transaction_date,amount,merchant,category_id,transaction_type,description
1001,5,15-10-2023,196.81,Smith-Austin,4,Credit,Where half yourself argue member oil get early.
1002,5,17-10-2023,463.65,Davis LLC,9,Credit,Color recognize guess according production.
1003,4,23-08-2023,201.09,Kim-Lewis,10,Credit,For girl cost black she.
1004,6,23-01-2023,381.06,"Williams, Wilcox and Christensen",6,Debit,Section why expect.
1005,1,23-12-2022,296.84,Rodriguez-Hudson,5,Credit,Teach difficult treat business not doctor feeling.
1006,1,19-07-2023,251.36,Williams LLC,6,Debit,Pattern long choice.
1007,5,20-11-2023,56.52,Thomas Inc,4,Debit,Father sing try however successful beautiful manager.
1008,4,12-04-2023,431.52,Carter-Bishop,4,Credit,Fight drop something stock follow senior.
1009,1,07-01-2023,6.85,West PLC,4,Debit,Consumer recognize official play since tell issue trial.
1010,3,11-05-2023,375.13,"Gallegos, Johnson and Jenkins",1,Credit,Middle speech girl tough.
1011,5,06-12-2022,200.47,Walsh Group,3,Debit,Soon trial pressure result a point.
1012,2,11-10-2023,423.08,"Riley, Wood and Cunningham",9,Debit,Political respond put with popular black.
1013,5,28-02-2023,497.87,"Gillespie, Rivas and Graham",1,Credit,Away through kind song.
1014,5,15-10-2023,391.74,Morton Ltd,6,Credit,Hit feel decide Mrs study training until.
1015,6,10-02-2023,282.88,"Henderson, Burns and Rivera",5,Credit,Them accept position serve purpose huge young carry.
1016,3,08-05-2023,58.13,Richards and Sons,8,Debit,You bag trouble manager.
1017,5,02-06-2023,49.18,Henderson PLC,8,Credit,Letter shoulder protect party responsibility know power.
1018,1,03-04-2023,390.51,Bright Ltd,7,Credit,Believe prevent change.
1019,5,01-06-2023,328.35,Richard-Hall,10,Debit,Group week seven appear see others also wish.
1020,1,11-10-2023,377.58,"Williams, Jenkins and Cross",3,Debit,Apply employee fly ground.
1021,1,11-02-2023,245.75,Schwartz and Sons,6,Credit,Remember against heart single cup place.
1022,4,09-10-2023,181.81,"Farrell, Flynn and Ramirez",10,Credit,Question clear as lawyer fill reflect.
1023,4,15-09-2023,82.46,Duke-Brown,1,Debit,Start buy vote amount skin home interest.
1024,3,06-08-2023,206.11,Greer Group,8,Debit,Control see also ask dark.
1025,3,09-07-2023,352.79,Williams Inc,5,Debit,Central action if population pick treat bed.
1026,3,28-01-2023,222.52,Robinson-Mills,4,Credit,Magazine final need of level fear.
1027,4,03-06-2023,29.69,Richardson PLC,3,Credit,Bring rich pay leave suffer.
1028,2,03-10-2023,487.34,Perry PLC,9,Debit,Item win many fly star plan hair.
1029,2,15-02-2023,300.2,Palmer PLC,10,Debit,Remember anything economic focus dog quality positive.
1030,3,17-07-2023,220.12,"Walsh, Serrano and Carpenter",4,Credit,Fear and every director.
1031,4,17-10-2023,499.66,Dean-Mckenzie,1,Debit,Under from poor child provide.
1032,2,02-11-2023,151.42,Barber-Powell,5,Debit,Third executive rather money evening nearly stock.
1033,5,12-04-2023,350.05,"Johnson, Bauer and Morgan",8,Debit,Call can fire candidate people leave result allow.
1034,5,28-08-2023,199.03,Campbell PLC,8,Debit,Executive hospital seat story song national brother.
1035,5,14-05-2023,216.65,"Newman, Castillo and Hill",10,Credit,Hotel store quickly.
1036,1,10-06-2023,411.52,Torres Ltd,4,Debit,Think win often return notice bag contain.
1037,5,18-05-2023,400.23,"Murphy, Olson and Williams",1,Debit,Include realize vote common second.
1038,3,19-02-2023,74.88,"Smith, Gomez and Webb",7,Debit,Short indeed student see.
1039,4,15-12-2022,265.4,"Vargas, Bautista and James",6,Debit,Past continue own.
1040,2,06-06-2023,425.69,"Prince, Salazar and Smith",9,Debit,Phone anyone enjoy trial protect your travel.
1041,4,31-12-2022,483.04,Williams-Harris,5,Debit,Direction so soon which.
1042,6,23-09-2023,427.71,Thomas-Ford,8,Debit,Stock gun care second consumer.
1043,3,04-02-2023,65.49,Kennedy-Whitaker,5,Debit,Most break century have wish appear.
1044,2,31-12-2022,72.89,Wright-Craig,6,Debit,Follow involve body green response.
1045,3,30-05-2023,269.59,Phillips-Moore,7,Credit,Find young else themselves tree there.
1046,4,13-04-2023,50.62,Sims-Branch,8,Credit,Energy stay act fight.
1047,2,06-01-2023,472.74,Klein Inc,4,Debit,Believe number it they actually.
1048,4,04-06-2023,425.88,"Fisher, Ball and Hicks",9,Credit,Many public since bar friend.
1049,4,26-10-2023,249.69,"Martinez, Fleming and Stephens",1,Credit,Dream type clearly movement true.
1050,2,19-03-2023,143.7,Perez Group,9,Debit,Suffer still save.
1051,5,08-03-2023,65.84,Richardson Ltd,6,Debit,Water wall smile itself cell attorney become successful.
1052,3,31-08-2023,421.93,Logan Group,1,Credit,Heart condition game.
1053,3,13-03-2023,429.27,Morgan PLC,10,Credit,College more themselves pattern college catch people movie.
1054,3,19-03-2023,480.76,"Fowler, Wheeler and Jordan",5,Credit,Clearly yard phone particular top me campaign.
1055,2,20-10-2023,430.92,"Hart, Foster and Arnold",6,Credit,Country hold send choice indeed consider experience bill.
1056,1,05-12-2022,440.17,"Good, Morgan and Harrison",2,Debit,Environmental boy address responsibility.
1057,4,22-01-2023,279.59,"Berger, Thompson and Adams",3,Credit,Visit door need structure.
1058,2,31-01-2023,401.33,Young-Castro,9,Debit,Nature for wind themselves fast they.
1059,4,24-10-2023,104.17,Thompson-Morgan,5,Credit,Turn if continue.
1060,2,10-04-2023,208.48,Gardner Ltd,3,Debit,Offer line next reflect.
1061,3,01-11-2023,298.29,Romero Group,7,Debit,Shake find father black.
1062,4,07-01-2023,343.75,"Stephens, Cook and Sanchez",5,Credit,Task somebody include never learn goal consider.
1063,1,07-07-2023,6.21,"Zimmerman, Gardner and Smith",3,Credit,Quickly drop yourself hear house determine.
1064,6,11-08-2023,306.8,"Roach, Fox and Becker",7,Credit,Name ask teach behind apply record true upon.
1065,4,05-07-2023,99.68,"Dixon, Smith and Gonzales",7,Debit,Policy everybody if serve story already compare.
1066,5,08-08-2023,14.99,Hill Inc,2,Debit,Leg of finish interview why impact.
1067,5,08-09-2023,76.5,Moreno LLC,7,Debit,Shoulder no girl up attention.
1068,1,30-11-2022,53.85,"Watkins, Nguyen and Weiss",6,Credit,Drug last player religious well responsibility wife.
1069,2,09-04-2023,497.41,"Henderson, White and Arnold",8,Credit,Charge case individual lawyer.
1070,4,23-12-2022,368.05,"Lee, Simmons and Paul",8,Credit,Effect real hit decade need against.
1071,1,13-02-2023,216.93,"Horn, Ware and Harris",3,Credit,Once method north president purpose hospital floor treatment.
1072,3,15-05-2023,55.73,Schmitt Group,1,Debit,Take here consumer.
1073,1,10-12-2022,368.04,Mendoza PLC,8,Debit,Window director reality minute.
1074,4,01-08-2023,385.88,Gonzales PLC,2,Credit,Particular PM add consumer.
1075,6,08-12-2022,96.98,Chen-Knapp,7,Debit,Shake foot drive range worker region television mouth.
1076,6,17-04-2023,132.61,Ramos-Day,7,Debit,Fall media culture hotel ask develop.
1077,6,04-04-2023,231.57,"Smith, Anderson and White",5,Credit,Century crime water open attention laugh.
1078,3,21-03-2023,214.46,"Davenport, Hill and Rojas",9,Debit,Quickly morning really morning.
1079,3,02-07-2023,265.11,Escobar-Cherry,9,Debit,Allow southern leave radio magazine suddenly culture.
1080,6,11-12-2022,293.81,Clark Inc,3,Debit,Series may able method.
1081,3,17-02-2023,459.7,"Perry, Contreras and Rivera",5,Debit,Whatever fill movement short amount rich.
1082,4,25-05-2023,108.43,Diaz PLC,6,Debit,Buy role series pull short sense key.
1083,1,30-11-2023,239.43,Hampton-Lee,10,Debit,Outside difference second argue phone want learn.
1084,2,24-01-2023,129.73,Gonzalez and Sons,2,Credit,Thing home white Mrs how travel.
1085,5,24-01-2023,276.77,"Mckinney, Brown and Hawkins",2,Credit,Early thousand student Mrs.
1086,1,12-11-2023,8.46,Cox LLC,2,Credit,Build yes debate rest generation idea.
1087,1,04-04-2023,352.82,Heath-Khan,8,Credit,Great accept your course.
1088,6,15-01-2023,64.19,"Church, Haney and Chambers",10,Debit,Fill safe address good sit already process.
1089,1,05-06-2023,437.29,Armstrong-Simmons,5,Debit,Film someone know actually recognize war.
1090,1,10-03-2023,176.13,Nelson PLC,9,Credit,Why move instead trip candidate bit.
1091,6,11-11-2023,360.89,"Roth, Porter and Daniels",5,Credit,Weight organization agree purpose center pick.
1092,4,19-12-2022,90.88,Ward-Williams,10,Debit,Fine near nor return perhaps half.
1093,4,05-11-2023,7.35,Delgado-Martin,5,Debit,Herself study few television second Mrs anything.
1094,2,17-07-2023,12.23,Garza-Ross,2,Debit,Ask several father game.
1095,3,08-01-2023,123.73,Ferguson Ltd,6,Debit,Whom pick owner they time while support.
1096,4,26-05-2023,33.42,Cooper-Mills,4,Credit,Yard natural news thank.
1097,3,18-11-2023,61.26,"Moore, Smith and Romero",5,Debit,Control national pay deep.
1098,6,22-08-2023,458.7,"Green, Davis and Smith",3,Credit,Radio end answer body edge.
1099,2,08-10-2023,481.12,"Martin, Martinez and Curry",10,Debit,Be what mean.
1100,3,04-08-2023,84.95,Peterson-Foster,8,Debit,Situation level stay maintain feel statement.
1101,1,22-03-2023,377.46,"Flores, Munoz and Murphy",10,Credit,Level best perhaps summer notice individual agree.
1102,1,09-06-2023,174.63,Stafford LLC,3,Debit,Sense yard challenge show election painting.
1103,4,19-08-2023,468.44,Arnold LLC,8,Credit,Sing turn forward.
1104,3,03-10-2023,307.41,"Watts, Brown and Flores",1,Credit,Lead piece home late executive manager.
1105,6,25-05-2023,346.05,Costa-Booth,8,Debit,Program suggest hand price cold.
1106,3,07-11-2023,32.1,Perez-Ramirez,5,Credit,Environmental realize record crime fight party.
1107,4,04-07-2023,289.87,"Johnson, Wright and Cameron",3,Credit,Move economy he move sure kid.
1108,4,07-02-2023,61.55,Vaughan-Graham,2,Credit,Way simply suffer.
1109,4,23-12-2022,404.25,Berg-Manning,4,Debit,Eat boy third popular pattern nice detail.
1110,1,01-07-2023,151.79,Gonzalez-Krueger,1,Credit,Challenge natural bill building medical use suffer.
1111,5,03-02-2023,277.71,"Le, Jones and Ramos",2,Debit,Space coach trouble not.
1112,1,24-06-2023,300.37,Brown Ltd,2,Debit,Natural red second area you such.
1113,6,26-12-2022,187.25,"Woods, Lopez and Herring",5,Credit,Realize visit color various process.
1114,3,15-08-2023,108.49,Lee and Sons,3,Debit,He turn face score cup.
1115,4,21-10-2023,499.75,Hall-Jones,7,Debit,Question quickly claim action doctor season.
1116,1,25-04-2023,471.22,Mccann-Ortiz,5,Credit,Career yard during.
1117,6,27-04-2023,233.55,"Luna, Hudson and Franklin",6,Debit,Ahead nor training federal.
1118,2,07-08-2023,345.88,Robertson Inc,5,Debit,Car sell instead me.
1119,4,09-12-2022,336.49,"Leonard, Welch and Moran",10,Debit,Behavior once usually party.
1120,3,11-02-2023,216.84,Lee-Phillips,2,Debit,And ready television become play heart company.
1121,5,27-08-2023,449.46,Smith LLC,6,Debit,Success fire same line case firm.
1122,5,04-06-2023,166.95,Thomas LLC,6,Debit,Conference service explain also adult leg forget.
1123,5,04-08-2023,87.99,Porter-Mejia,1,Debit,Understand simple different.
1124,5,19-07-2023,28.72,"Pena, Snyder and Hansen",8,Debit,Him organization dark everybody TV different.
1125,5,17-02-2023,47.89,Thomas-May,4,Credit,Result guess watch call claim.
1126,3,21-01-2023,50.98,Owens Ltd,1,Credit,Risk skin difficult fire.
1127,1,07-08-2023,456.41,Davis-Rice,9,Debit,Prevent spend main space stock heavy.
1128,6,01-05-2023,482.16,Coleman-Bates,7,Credit,Decide either early third party attack.
1129,6,03-01-2023,366.23,"Oconnell, Butler and Thornton",6,Credit,Investment performance chance heart investment significant court body.
1130,2,05-12-2022,350.65,Robertson-Murphy,7,Credit,It health cut in listen character.
1131,5,14-01-2023,167.63,"Jackson, Stone and Jones",9,Debit,Ground sell find apply above.
1132,1,13-07-2023,269.95,"Brewer, Hall and Alexander",4,Debit,Issue mission serious themselves quality never.
1133,6,21-06-2023,176.28,Cummings LLC,8,Credit,Participant yourself ball budget part.
1134,6,21-06-2023,63.92,Walton-Johnson,4,Credit,Point daughter oil thought ground particular in physical.
1135,3,20-02-2023,36.38,Weaver PLC,9,Debit,Size send over themselves.
1136,5,16-07-2023,114.15,"Arias, Ross and Jackson",7,Credit,Goal pick back bag democratic.
1137,1,25-01-2023,413.21,Wright Ltd,6,Credit,Prove right stop option street beyond smile important.
1138,1,19-07-2023,439.14,Sullivan Ltd,5,Debit,Worry development reason while put arrive coach.
1139,6,28-09-2023,54.68,Parks Group,3,Debit,Form city response south media upon.
1140,4,10-05-2023,189.4,Haney-Baker,2,Debit,Behavior factor political something language still.
1141,3,22-11-2023,134.95,Long PLC,10,Credit,Case society also group stop building forget.
1142,1,25-09-2023,252.69,Chung Group,2,Credit,Social report Democrat suddenly debate.
1143,4,26-10-2023,221.46,Quinn Group,10,Debit,Difference network issue scene.
1144,2,11-11-2023,440.94,Murphy-Powell,10,Credit,There this bad argue as.
1145,6,27-01-2023,40.55,"Howell, Garcia and Medina",7,Credit,Close mind skill not let office.
1146,1,02-07-2023,460.74,Watts-Dixon,9,Credit,Fight wall alone plant attorney land.
1147,2,18-09-2023,405.15,"Rivera, Cohen and Walter",2,Debit,Sometimes participant apply draw.
1148,4,20-06-2023,413.82,Boyle and Sons,10,Credit,Along remain stay seem must area.
1149,6,11-04-2023,472.21,"Lawson, Martinez and Palmer",7,Credit,Unit product cause learn this red clear.
1150,4,01-06-2023,386.96,"Day, Wright and Browning",3,Credit,Interesting husband would service music difference official.
1151,4,04-04-2023,479.09,Clark Inc,9,Credit,Story heart one small seven their shake.
1152,6,04-07-2023,258.43,Moore and Sons,9,Debit,Recent discover sister almost ever reach item.
1153,4,03-12-2022,384.89,Mueller-Daniel,6,Credit,Test late economic around.
1154,5,11-03-2023,348.54,"Parks, Farley and Foster",5,Credit,Be good Mr make see American others.
1155,6,19-11-2023,81.65,Rogers-Wood,9,Credit,Cause federal at Mrs establish growth will.
1156,3,16-06-2023,302.65,Barrett Ltd,4,Credit,Time black it energy onto.
1157,3,24-10-2023,357.35,Mills Group,2,Credit,Adult election room personal art coach tonight ahead.
1158,2,09-09-2023,470.35,Ross-Smith,10,Debit,Describe game art democratic.
1159,3,23-07-2023,333.8,"Kane, Lowe and Levine",8,Credit,Successful goal middle economy bad.
1160,5,27-02-2023,112.19,Nelson-Watts,7,Credit,Smile score provide reduce.
1161,5,01-08-2023,200.85,"Gonzalez, Reynolds and Tucker",9,Debit,Door subject young rather.
1162,3,14-09-2023,28.16,"Barnes, Dyer and Phelps",2,Credit,Nice plan once past and.
1163,5,16-10-2023,247.2,"Rios, Bowers and Mays",10,Debit,Picture hotel back if.
1164,6,28-05-2023,12.08,"Rodriguez, Wright and Watson",6,Credit,Respond two window partner own sea land something.
1165,3,20-07-2023,206.21,"Allen, Schultz and Johnson",7,Credit,Answer campaign doctor woman.
1166,2,12-05-2023,466.63,"Mclaughlin, Bishop and Mcfarland",5,Credit,Crime painting through really history turn game.
1167,6,23-01-2023,268.55,Lambert-Douglas,1,Debit,Always show each inside.
1168,3,09-06-2023,335.05,Lewis Inc,3,Credit,Herself man technology ten address while student.
1169,6,17-01-2023,458.25,Rodriguez Inc,1,Debit,Ball low candidate everybody action either receive.
1170,5,07-01-2023,82.43,"Smith, Lara and Wright",4,Credit,Guy spring remember manager many.
1171,2,17-06-2023,376.61,Riley and Sons,3,Debit,Sure people since election.
1172,2,25-09-2023,34.25,Bailey Inc,8,Debit,Company center happy change later away.
1173,3,18-09-2023,292.1,"Medina, Fitzpatrick and Johnson",2,Credit,Fear product interest son.
1174,6,01-06-2023,177.68,Butler Group,3,Debit,Minute forward machine build garden look somebody.
1175,1,24-08-2023,92.43,Hernandez Ltd,5,Debit,The pressure door experience in major.
1176,3,29-03-2023,254.36,Rose Inc,7,Credit,Yard financial morning kind low government name.
1177,4,23-09-2023,496.14,"Johnson, Smith and Williamson",1,Credit,Throw which after growth dog front loss brother.
1178,2,08-04-2023,219.01,Ramsey and Sons,1,Credit,Language onto like responsibility voice hit performance.
1179,1,08-11-2023,470.8,Gomez-Thompson,9,Debit,Population itself sea within.
1180,4,01-01-2023,309.67,Hurst LLC,7,Credit,Kitchen conference pass center vote sport.
1181,4,16-11-2023,265.65,Hernandez Group,4,Debit,Record important then task very certainly.
1182,6,29-01-2023,315.64,Fry Group,8,Credit,Suddenly describe response best.
1183,5,21-09-2023,344.5,"Williams, Davis and Rogers",5,Credit,Cultural far him one professor.
1184,1,20-02-2023,82.92,Brock PLC,5,Debit,Crime cold Mrs speak nature despite career.
1185,6,20-08-2023,54.46,Brooks Inc,8,Debit,Somebody ready marriage.
1186,6,24-11-2023,484.08,"Cochran, Allen and Baker",4,Credit,Expect quality kind financial save know.
1187,3,25-06-2023,73.54,"Martinez, Dudley and Simpson",3,Debit,Mind great pull ten board.
1188,2,19-06-2023,367.89,Daniels-Allen,7,Debit,Industry pass player dinner specific can.
1189,5,30-11-2023,8.57,Mills Inc,10,Credit,Serious career thought on exactly director.
1190,6,14-02-2023,381.11,"Martin, Webb and Blankenship",10,Credit,Next speak great age he.
1191,5,24-07-2023,250.61,Young-Hanna,2,Credit,Soldier second start bag degree can.
1192,6,27-05-2023,325.85,Boyle-Zimmerman,9,Credit,Effect general interview work any.
1193,6,13-10-2023,324.6,"Diaz, Hodges and Pacheco",5,Debit,Shake amount his involve.
1194,6,30-01-2023,48.67,Moreno Inc,1,Debit,Stuff impact property important.
1195,1,11-11-2023,465.86,Smith Group,7,Credit,Owner result industry structure.
1196,3,28-10-2023,202.06,"Moreno, Lin and Lewis",10,Credit,Want individual future agency.
1197,1,26-06-2023,38.29,Mullins-Hoover,8,Debit,Security former surface.
1198,3,01-02-2023,61.29,Webster-Thomas,9,Credit,Detail federal foot join nearly day image.
1199,1,05-03-2023,51.08,Bell-Lopez,3,Debit,Away wish else we yard outside issue.
1200,1,30-10-2023,185.65,Thomas and Sons,10,Credit,Yes ever prove expect trial talk management.
1201,3,10-11-2023,263.9,"Harris, Jones and Foster",5,Credit,Area machine loss fly turn one sort.
1202,5,09-12-2022,145.45,Washington LLC,6,Debit,Step seek right decision many only expert.
1203,5,24-03-2023,70.98,Taylor and Sons,6,Credit,Statement while night often live project town.
1204,6,08-06-2023,152.07,"Sanchez, Hicks and Bell",10,Debit,Best foot identify name want know likely.
1205,5,29-04-2023,17.13,Clayton Ltd,3,Debit,Movement good thing mention speech move test.
1206,1,09-04-2023,368.09,Aguilar-Martin,3,Credit,Still picture south environmental deal physical.
1207,2,06-07-2023,222.51,Wallace-Klein,9,Credit,Enjoy operation view under somebody check.
1208,5,30-10-2023,115.27,"Coleman, Herrera and Riley",5,Debit,At good record process whatever.
1209,3,15-06-2023,427.64,Atkins LLC,5,Debit,Modern despite where herself ready.
1210,6,13-04-2023,418.45,"Zimmerman, Stephenson and Spencer",9,Credit,Still center kid.
1211,2,12-03-2023,442.34,Johnson-Johnston,2,Debit,Take rate capital bring watch drug glass.
1212,3,18-10-2023,440.23,Ayala Inc,5,Credit,Somebody see others less administration who.
1213,5,22-06-2023,179.59,"Kennedy, Gray and Browning",5,Credit,Worry present thing network tough particularly close.
1214,2,05-03-2023,227.83,"Smith, Nixon and Russo",8,Debit,Hundred less foot machine.
1215,3,30-12-2022,317.06,Miller Group,7,Credit,Concern speak win himself individual.
1216,6,02-05-2023,451.87,"Fox, Russell and Hudson",5,Debit,Population high quickly house foreign value.
1217,2,15-11-2023,96.38,Watson-Jones,8,Credit,Main blue just threat note east my.
1218,5,15-03-2023,261.41,Miller-Ware,8,Credit,Eight eat wall herself fight rise.
1219,6,12-06-2023,19.23,Taylor Group,6,Debit,Stock full most account reason each discuss.
1220,4,03-02-2023,44.32,Woodward-Brown,6,Debit,Beat red find rise star main concern.
1221,6,14-02-2023,78.87,Scott-Lowe,9,Debit,She drop far.
1222,6,19-12-2022,287.37,Johnson-Garrett,6,Credit,Maybe matter beyond interview mention paper modern.
1223,1,28-12-2022,460.45,Johnson Group,9,Credit,Rate run animal hold compare half.
1224,6,01-05-2023,489.59,Landry Group,9,Credit,Operation blood research itself car grow fill capital.
1225,5,24-05-2023,365.86,Arroyo-Downs,9,Credit,Process hear radio human room.
1226,5,02-06-2023,116.31,"Johns, Hayes and Kelly",6,Debit,Politics rock employee truth blood itself.
1227,3,25-12-2022,11.42,Church-Marquez,6,Debit,Two common into cultural piece.
1228,5,16-11-2023,5.65,"Haley, Miles and Morgan",8,Debit,Daughter authority whether hospital eight so surface worker.
1229,6,28-07-2023,161.91,Anderson-Phelps,4,Debit,Make themselves effort.
1230,2,06-02-2023,42.14,Mata PLC,2,Credit,Yet shoulder play offer.
1231,6,17-05-2023,47.62,Shelton-Martin,2,Credit,Wide TV clearly only speak subject human.
1232,1,08-10-2023,171.15,"Cooper, Johnson and Holmes",7,Credit,End organization arrive expect up woman best.
1233,2,12-07-2023,380.2,"Haley, Brown and Fletcher",6,Credit,Turn leg strong agreement doctor close stage green.
1234,5,28-05-2023,126.64,Fitzpatrick LLC,10,Credit,Truth owner all with seven stock value.
1235,6,13-03-2023,318.8,Hall Inc,9,Debit,Wait born forget now some occur.
1236,4,29-07-2023,495.5,Pearson-Vaughn,8,Debit,Consider respond control skin reason word question prevent.
1237,5,10-05-2023,87.37,Proctor Inc,5,Debit,Girl seat know include employee exist.
1238,1,10-03-2023,428.66,Cabrera-Silva,3,Credit,Artist continue system card pay prevent in.
1239,3,11-12-2022,305.09,"Rice, Lewis and Johnson",7,Debit,Ability certainly would reflect.
1240,5,05-02-2023,119.24,Watkins PLC,4,Credit,We whatever game loss line.
1241,6,17-03-2023,422.49,"Rodriguez, Campbell and Montgomery",4,Credit,South create real son a.
1242,6,21-07-2023,57.49,Garcia and Sons,1,Debit,Act travel matter beat statement edge.
1243,3,02-03-2023,354.02,Jackson PLC,4,Credit,Together later claim usually purpose and decade collection.
1244,2,12-07-2023,165.7,Walker PLC,5,Credit,Everybody power law deep look consumer.
1245,6,24-08-2023,32.72,"Ray, Reyes and Turner",10,Credit,Democrat unit live appear behavior hear.
1246,6,02-02-2023,356.92,"Hernandez, Deleon and Coleman",10,Debit,Series manage learn majority leader.
1247,4,11-07-2023,253.88,Chandler-Wall,2,Credit,Kitchen dream mention morning toward toward some church.
1248,6,15-03-2023,30.43,Gordon-Perez,3,Credit,Energy sign defense off occur week.
1249,2,08-02-2023,485.44,Sanchez-Meadows,7,Debit,Around four another debate.
1250,5,30-11-2022,388.6,Anderson Group,1,Credit,Language president too campaign.
1251,2,20-10-2023,387.95,Williams-Green,1,Debit,Home suggest figure particular star within.
1252,5,27-12-2022,442.03,"Macdonald, Payne and Phillips",7,Credit,Customer use second voice Mrs.
1253,6,09-10-2023,382.94,Weber LLC,4,Credit,Throw develop cost animal mouth quite member.
1254,6,28-04-2023,294.41,Smith-Nguyen,9,Credit,Republican wish deal.
1255,6,30-07-2023,169.09,"Hernandez, Chung and Dodson",4,Debit,View a two design role ask arrive wait.
1256,2,29-09-2023,331.24,"Stewart, Holland and Hampton",7,Debit,Sort air city individual later.
1257,4,05-10-2023,273.5,Sanchez Inc,2,Debit,Democrat consider pick against Republican operation letter.
1258,6,28-02-2023,146.99,"Williams, Young and Hamilton",5,Debit,Brother ago situation finish life physical message early.
1259,4,28-10-2023,278.19,Hill-Dean,3,Credit,Foreign above out either dog.
1260,3,01-08-2023,182.12,Jones-Moore,4,Credit,Thank kitchen last child series girl.
1261,2,03-08-2023,351.08,Morton Group,8,Credit,Participant behavior sign.
1262,6,24-02-2023,151.89,Johnson-Melendez,1,Debit,During tell interesting whatever might.
1263,2,11-11-2023,125.58,"Craig, Pierce and Hughes",8,Credit,People administration season.
1264,3,13-08-2023,95.68,Lee-Roberts,7,Debit,Suddenly still during trip especially.
1265,6,18-04-2023,146.68,"Gonzales, Mason and Webb",8,Credit,Find star effect instead knowledge candidate.
1266,1,10-04-2023,475.53,"Higgins, Noble and Mcguire",1,Debit,Produce ready pass always.
1267,2,25-08-2023,237.53,Bradley LLC,5,Credit,Recognize term training note opportunity policy suffer.
1268,1,06-07-2023,232.57,"Noble, Mccoy and Dominguez",7,Debit,Soldier glass realize former she story.
1269,1,12-03-2023,66.81,"Wood, Hawkins and Charles",7,Credit,Early meet every firm series boy brother then.
1270,6,26-04-2023,166.11,Porter PLC,2,Credit,Control hospital from able coach strong your.
1271,1,17-04-2023,150.56,Foster-Welch,3,Debit,Hospital last thus present.
1272,5,04-07-2023,152.85,Mendoza Group,2,Credit,At market quality method identify.
1273,5,02-09-2023,396.88,"Delacruz, Mendoza and Harrison",7,Credit,Through car scientist born.
1274,6,14-03-2023,312.28,"Barker, Kane and Martin",9,Credit,Policy end wish his effort leave.
1275,3,11-09-2023,479.45,Wilkerson-Becker,5,Debit,Medical unit customer whether sound discover medical if.
1276,2,01-12-2022,451.47,Taylor LLC,4,Credit,Agent write read information east.
1277,5,30-01-2023,300.93,Perez-Grant,5,Debit,Sister store or old create.
1278,3,13-12-2022,383.98,Chang Inc,2,Debit,Begin some also real society.
1279,2,15-04-2023,10.45,Jacobson-Reese,10,Credit,Member adult minute pass.
1280,6,20-02-2023,193.32,Sawyer and Sons,9,Debit,Bit condition hospital.
1281,3,15-01-2023,73.03,Chang Inc,7,Debit,Avoid present south prepare.
1282,1,10-05-2023,332.99,"Johnson, Everett and Klein",3,Debit,World drive sense exist.
1283,1,21-06-2023,10.23,Payne-Carter,9,Debit,Claim enter kind box market something ahead care.
1284,4,28-08-2023,164.43,Crosby-Diaz,5,Credit,Rock miss begin hope this let exist.
1285,6,19-06-2023,486.31,"Shea, Hill and Krause",9,Debit,Example century able amount.
1286,1,03-06-2023,123.86,Choi-Saunders,7,Credit,Fight send same.
1287,6,20-06-2023,432.2,"Jones, Johnson and Davis",9,Credit,Benefit baby who in seem meet.
1288,2,11-04-2023,291.35,Walker-Ray,4,Debit,Structure all follow which.
1289,5,09-11-2023,238.61,Hammond-Lawson,1,Debit,Bill drop heavy.
1290,2,21-11-2023,182.25,Farmer Group,8,Debit,Something visit onto lay every.
1291,6,13-11-2023,15.66,Williams LLC,7,Credit,Drug number black civil listen also consider.
1292,4,30-01-2023,45.34,Summers Ltd,4,Credit,Large first perform senior wife we.
1293,2,01-08-2023,122.18,Weaver-Hendricks,10,Credit,Lead wide can move somebody her.
1294,5,13-06-2023,277.66,"Hurley, Costa and Johnson",9,Debit,If behind building almost these become sound continue.
1295,1,11-07-2023,447.85,Zuniga PLC,5,Debit,Agreement mouth reality successful notice side live trial.
1296,2,04-01-2023,64.1,Martin Inc,3,Credit,Memory without local same relationship yard.
1297,3,02-07-2023,23.58,"Reynolds, Marquez and Cortez",10,Debit,Rock state already such.
1298,4,25-04-2023,155.02,Singleton-Ray,9,Credit,Anything add story despite can her event practice.
1299,6,30-03-2023,70.32,Bird LLC,7,Credit,Agree beyond stay senior today difference.
1300,1,01-05-2023,279.49,"Parker, Hardy and Nichols",7,Credit,Source piece find go positive population.
1301,1,30-11-2023,40.38,Chapman-Vincent,7,Debit,Land hair series behind along fear.
1302,1,13-08-2023,305.76,"Blanchard, Ortega and Wright",1,Credit,Expect movement hotel thought threat response.
1303,4,09-06-2023,306.98,Diaz-Phillips,9,Debit,All happy ready your.
1304,4,24-04-2023,396.63,Thompson PLC,1,Debit,Artist already budget I do blue.
1305,6,09-12-2022,137.11,"Crane, Knox and Floyd",3,Credit,Land need score space fly understand hand.
1306,1,28-11-2023,362.38,Gonzalez Group,1,Credit,Good rock record actually.
1307,6,02-09-2023,174.98,Wu-Sutton,2,Debit,At goal guy direction girl.
1308,6,30-11-2023,362.46,Brown-Bailey,3,Credit,Road early may whom.
1309,6,20-08-2023,288.88,"Walker, Armstrong and Patterson",10,Credit,Anyone fact meet use per fish hot.
1310,1,11-05-2023,64.83,"Sanders, Brown and Schroeder",1,Credit,Choose central laugh economy win.
1311,1,12-12-2022,453.27,Graves-Flores,4,Debit,Speech floor memory study perform system.
1312,3,09-08-2023,442.97,York Inc,3,Debit,Movement throw later radio.
1313,3,04-12-2022,238.18,Best Ltd,9,Debit,Interesting office call turn send.
1314,6,15-12-2022,66.91,Mcdonald-Wilson,7,Debit,Whether between simple fine.
1315,3,16-03-2023,6.41,Williams and Sons,6,Debit,Analysis assume husband sport actually trip rest.
1316,3,24-06-2023,495.78,Copeland-Smith,2,Credit,Site message eye suggest really computer food prepare.
1317,2,28-01-2023,471.13,"Martinez, Mcconnell and Green",1,Credit,Sound agreement what scientist direction.
1318,4,21-11-2023,174.82,Hammond-Thomas,7,Credit,Myself surface director improve.
1319,1,24-05-2023,358.18,Ferguson-Ortiz,3,Credit,Boy artist brother in.
1320,4,25-12-2022,433.99,Ford LLC,5,Credit,Culture marriage image business tell by series floor.
1321,2,17-06-2023,188.43,Hubbard Inc,6,Credit,Cost evidence help model street.
1322,6,28-11-2023,153.06,Christian-Thompson,6,Credit,Give choice task responsibility.
1323,2,28-11-2023,56.42,"Preston, Lowe and Thornton",3,Debit,Alone account think crime.
1324,1,25-02-2023,244.28,Hall-Miller,3,Credit,Reduce floor plan.
1325,6,01-05-2023,260.21,Velasquez-Smith,7,Debit,Yourself minute teacher bed.
1326,5,23-02-2023,88.89,Richmond LLC,8,Credit,Low investment strategy over head here here.
1327,2,31-08-2023,495.9,Flores-Soto,3,Debit,Discover feeling culture student idea part.
1328,5,20-03-2023,349.64,"Park, Higgins and Miller",5,Debit,Deep argue number many interesting itself catch wind.
1329,3,11-08-2023,434.4,"Clayton, Norris and Jenkins",3,Credit,Network home fire early.
1330,4,17-10-2023,213.09,Brown PLC,3,Credit,Guess address fight red where civil others.
1331,6,13-06-2023,455.29,Flores and Sons,5,Credit,Space plant specific skin religious some.
1332,1,23-10-2023,10.1,"Hernandez, Glover and Roth",5,Debit,Start response media thing.
1333,2,18-02-2023,197.95,"Juarez, Curtis and Austin",6,Credit,Place guess bit staff others training check.
1334,5,06-10-2023,266.06,Parks and Sons,1,Debit,Suddenly full boy program thought technology against bar.
1335,4,16-10-2023,411.05,Johnson Inc,9,Debit,Indeed north fine issue about art four few.
1336,1,08-10-2023,328.22,Escobar and Sons,3,Debit,Apply front else view prove field ability.
1337,5,24-11-2023,387.89,Gomez-Thornton,1,Debit,Forget alone wall next west.
1338,6,27-03-2023,82.22,Griffin PLC,5,Debit,Fund herself worry.
1339,2,09-05-2023,391.8,Henry and Sons,6,Credit,Democratic picture live hair.
1340,3,04-02-2023,317.78,Martinez-Myers,9,Debit,Gas meeting southern manage letter.
1341,3,26-03-2023,44.73,Shaw PLC,8,Debit,Indicate each husband son good.
1342,5,23-09-2023,356.04,Herrera-Johnson,7,Credit,Kid message dinner new lead.
1343,3,16-08-2023,70.01,"Knight, Smith and Richardson",10,Credit,Cultural some sport daughter rate.
1344,2,20-02-2023,240.76,Strickland-Long,2,Debit,Each simply history within.
1345,6,22-02-2023,260.75,Osborne-Hernandez,2,Debit,Go kind physical blue explain almost suddenly.
1346,1,26-09-2023,35.34,Lee Ltd,8,Credit,Television degree modern way phone agreement tax.
1347,2,07-05-2023,130.58,Powell-Rivera,6,Credit,Data at culture foreign something home.
1348,6,28-10-2023,134.28,Mills-Bauer,1,Credit,Others glass form order politics everything.
1349,1,05-05-2023,305.32,Morris-Perry,5,Debit,Near around partner threat.
1350,3,07-11-2023,223.23,Hughes and Sons,6,Credit,Hospital name tonight have conference at program.
1351,5,15-02-2023,224.08,Reed Inc,5,Debit,See decade mean.
1352,3,21-05-2023,90.82,Miller-Reid,2,Debit,Leg step summer above any.
1353,6,25-02-2023,128.42,Williams-Anderson,10,Credit,Occur seek might evidence still network.
1354,4,21-02-2023,265.52,Morton-West,4,Credit,Church doctor do people.
1355,3,16-05-2023,134.95,"Williams, Rogers and Haley",8,Credit,Rate according job build several area.
1356,6,25-02-2023,306.21,Martinez-Smith,3,Credit,Best identify again.
1357,5,07-12-2022,369.99,"Stanley, Campbell and Odom",10,Debit,General nearly game ahead sit effort.
1358,5,19-07-2023,129.18,Jenkins Ltd,8,Credit,Attention guess then from born.
1359,1,17-10-2023,98.87,"Garrett, Gonzalez and Lopez",8,Debit,Market hair worry.
1360,4,05-03-2023,7.36,Rogers-Johnson,5,Debit,Beautiful PM character senior level take near.
1361,4,26-06-2023,306.46,Dennis LLC,9,Credit,Dark then pressure interesting.
1362,5,07-02-2023,52.49,Weber Group,3,Credit,Memory student benefit establish avoid.
1363,4,20-09-2023,416.48,"Lewis, Ramirez and Hays",3,Debit,Attack check eat know.
1364,5,01-07-2023,15.43,Cook-Walker,3,Debit,Manager result kid strategy within spend.
1365,5,26-02-2023,456.75,"Wright, Arellano and Williams",8,Credit,Approach PM born science number care race.
1366,2,14-06-2023,323.79,Ellis-Chambers,9,Debit,Current thank authority executive specific food.
1367,4,16-04-2023,321.88,Davis Ltd,9,Debit,Back spend treatment modern clearly around.
1368,3,07-03-2023,192.06,"Smith, Gomez and Bishop",4,Debit,Their experience produce fast serve after again.
1369,6,17-12-2022,310.72,"Hall, Sanchez and Brown",1,Debit,Thank start worry.
1370,1,28-08-2023,475.61,"Waller, Hill and Berger",10,Debit,Teacher music sort to fine standard discuss.
1371,6,28-04-2023,218.61,Hopkins-Munoz,3,Debit,Imagine word claim become decision.
1372,5,04-03-2023,127.07,Morris-Perez,5,Debit,Collection there interesting seem game quality.
1373,5,20-05-2023,29.9,Wells Ltd,2,Credit,Member PM do.
1374,4,14-05-2023,310.39,"Adams, Stewart and Hoffman",7,Credit,Partner decade accept animal painting now prepare.
1375,3,27-01-2023,115.7,Brown PLC,6,Debit,Player fill her hope.
1376,4,13-08-2023,339.53,Frazier and Sons,3,Debit,Whatever everybody evening receive join.
1377,2,06-06-2023,6.51,Hunter PLC,7,Credit,Such yes week vote son song first.
1378,3,13-09-2023,219.66,Stewart Ltd,4,Debit,Population can majority together tax statement coach tell.
1379,4,16-11-2023,86.59,"Deleon, Allen and Roberson",9,Credit,Real moment walk form southern often.
1380,5,24-04-2023,241.63,Cordova and Sons,7,Debit,Agency people level true.
1381,2,12-11-2023,182.11,"Smith, Robertson and Malone",1,Credit,Name require nearly travel social.
1382,3,27-12-2022,293.76,"Yoder, Jimenez and Gardner",2,Credit,Last strategy dog cup low.
1383,1,16-08-2023,486.13,"Ewing, Sandoval and Elliott",10,Debit,Speech participant need.
1384,6,04-03-2023,259.04,"Sanchez, Kirk and Jones",3,Credit,Owner job somebody fear add tree.
1385,2,25-01-2023,290.58,Harmon-Williams,5,Credit,Stuff middle company close suggest let federal.
1386,2,15-03-2023,251.92,Riley-Frank,1,Debit,The few beautiful truth boy line.
1387,1,25-04-2023,156.89,Williams Group,1,Credit,Account six kind local door.
1388,4,22-01-2023,243.75,"Huffman, Watson and Johnston",5,Debit,Walk hot state sure.
1389,3,03-05-2023,296.93,"Jackson, Hogan and Lopez",5,Credit,Mrs step over involve little seek.
1390,1,23-11-2023,319.17,"Anderson, Bryant and Anderson",7,Credit,National party plant where certain.
1391,2,07-08-2023,217.35,Adams PLC,9,Debit,Coach watch information detail money assume easy dark.
1392,2,19-06-2023,149.95,"Wade, Hudson and Rodriguez",8,Credit,Produce role appear.
1393,2,14-12-2022,236.7,"Johnson, Williams and Barnett",2,Debit,Media culture move sure.
1394,1,27-11-2023,230.01,"Ashley, Mathews and Herring",4,Debit,Others include modern painting parent be attack.
1395,2,26-06-2023,413.97,"Mckinney, Munoz and Turner",7,Debit,Indicate class newspaper visit white itself woman.
1396,2,31-05-2023,416.28,"Perez, Blackwell and Turner",3,Debit,Fill car throughout agree system feel town.
1397,5,24-11-2023,19.6,Robinson-Gutierrez,1,Credit,Son per somebody year design.
1398,3,13-08-2023,11.69,Mayer Group,8,Debit,Same effect positive picture century discover democratic weight.
1399,2,29-03-2023,79.44,"Gonzalez, Vargas and Goodwin",10,Debit,Assume page operation.
1400,4,03-09-2023,72.31,Davis Inc,6,Debit,Minute attorney myself world cost.
1401,3,12-12-2022,242.32,Castillo-Cisneros,2,Debit,Kitchen probably range trouble style wind bed.
1402,1,14-07-2023,287.22,Kelley-Alvarez,5,Debit,Bill theory adult fight admit Congress.
1403,1,31-05-2023,413.52,Burke-Small,9,Debit,Federal eight ground energy least enough.
1404,5,22-06-2023,426.62,"Jordan, Brown and Smith",3,Credit,Edge machine listen former thought.
1405,4,18-05-2023,431.85,"Cortez, Brewer and Weber",9,Credit,Prevent upon instead huge health.
1406,3,11-04-2023,404.15,"Jensen, Stewart and Allen",5,Debit,Beat sing although anything bed pay whether.
1407,3,21-03-2023,18.38,"Thompson, Wilson and Barajas",4,Credit,Area drop start lawyer six.
1408,4,05-09-2023,496.96,Valdez Ltd,5,Credit,Before personal alone five.
1409,3,11-06-2023,145.6,Ruiz PLC,10,Debit,Evening dream score where argue.
1410,2,23-01-2023,238.55,"Banks, Pope and Thornton",4,Credit,Box say doctor hospital.
1411,1,15-08-2023,42.78,Dalton and Sons,2,Debit,Response religious next television.
1412,5,14-08-2023,212.96,Wood Ltd,6,Credit,Able dark she plant late.
1413,2,11-06-2023,215.17,"Edwards, Smith and Williams",4,Credit,Form result get few.
1414,6,24-07-2023,431.75,Ortega Group,6,Debit,Interesting check go series enough memory.
1415,2,11-02-2023,38.07,Cannon-Morales,1,Debit,My boy mean season cup democratic teacher bill.
1416,1,01-04-2023,265.16,Haas PLC,2,Credit,Oil single finish student.
1417,1,24-09-2023,238.87,"Taylor, Anderson and Curry",6,Credit,How family specific yes energy mouth themselves although.
1418,4,12-02-2023,496.14,"Contreras, Ward and Robinson",10,Debit,Soon beat father television continue.
1419,1,13-08-2023,121.48,"Miller, Mitchell and Davis",10,Debit,Authority address first cut choice defense.
1420,4,26-08-2023,371.6,"Douglas, Anderson and Baker",2,Credit,Second speech total all.
1421,6,22-01-2023,126.88,Kennedy-Lopez,2,Credit,Air stand to expert there across against.
1422,5,04-11-2023,414.79,"Miller, Simmons and Bell",8,Debit,Despite respond type free point else space.
1423,2,13-04-2023,98.41,Snyder Ltd,2,Credit,Control spend amount executive while animal responsibility.
1424,4,12-03-2023,382.33,"Keith, Reed and Cordova",7,Debit,Interview individual require movie society single.
1425,5,29-12-2022,127.45,Perez-Schultz,7,Debit,Someone off lose.
1426,1,25-12-2022,483.01,Vega-Barnes,8,Credit,Local forget word people treatment until be.
1427,2,06-12-2022,425.41,"Quinn, Crawford and Bennett",3,Debit,Into Democrat fire lose trip.
1428,1,19-02-2023,316.17,"Smith, Johnson and Kelly",3,Debit,Mouth north want build number difficult.
1429,6,03-08-2023,114.01,Crosby PLC,1,Debit,Fly simply history generation too success as.
1430,4,20-08-2023,71.74,"Williamson, Jordan and Bell",2,Credit,Law room soon animal realize so.
1431,3,06-03-2023,384.57,Burgess Ltd,1,Credit,Week page point deal.
1432,1,28-06-2023,82.48,"Lewis, Pham and Little",5,Debit,Home hear fish actually wait.
1433,5,11-02-2023,364.5,Clayton PLC,7,Credit,Buy surface money man.
1434,6,15-11-2023,78.25,Martin PLC,7,Debit,Skin though join manage age.
1435,2,25-03-2023,491.1,Massey Group,6,Debit,Through man threat stop first.
1436,2,27-08-2023,422.77,"Dunn, Riley and Wallace",5,Debit,Population though back final establish.
1437,3,09-04-2023,100.88,Lee Inc,7,Credit,Operation recent indeed.
1438,4,26-12-2022,458.54,Coleman and Sons,7,Credit,Once girl girl responsibility.
1439,6,19-03-2023,37.1,Jones-Shelton,8,Credit,Gas social stage today light truth produce together.
1440,6,08-12-2022,401.74,Ruiz Ltd,10,Debit,Lay administration north fire development.
1441,2,08-01-2023,152.34,Phillips-Smith,4,Credit,Determine hard performance stay necessary.
1442,4,30-11-2023,230.35,Jenkins PLC,6,Credit,Red president anyone.
1443,4,15-12-2022,236.37,"Pineda, Hurst and Green",3,Credit,Last over field through never surface.
1444,6,12-10-2023,467.61,"Ramos, Rogers and Carter",9,Credit,Agency have skin agency different official.
1445,1,08-07-2023,7.84,Ramos Ltd,10,Debit,Change two woman.
1446,4,26-01-2023,346.19,Jackson LLC,3,Debit,Protect able box already use these result worker.
1447,3,02-12-2022,444.89,Barrett and Sons,2,Debit,Guess source ready.
1448,3,02-06-2023,305.45,Harris-Beltran,7,Credit,Yet husband decision.
1449,3,30-03-2023,81.21,Robinson and Sons,8,Debit,Impact everybody describe hope newspaper argue.
1450,4,30-09-2023,260.08,Alexander-Jordan,8,Debit,Open beautiful camera ahead.
1451,3,31-08-2023,224.71,Nelson-Gardner,5,Debit,Act fly tax theory.
1452,1,06-09-2023,83.73,"Reyes, Wood and Johnston",6,Credit,Pattern gas science build sort carry arm.
1453,6,26-06-2023,64.73,Archer LLC,10,Debit,Read learn like not.
1454,6,12-06-2023,278.27,"Sims, White and Harrell",2,Credit,Cup study child trouble tax those.
1455,1,18-03-2023,340.04,Norris-Martin,7,Credit,Rate reflect ten through artist or.
1456,3,08-04-2023,401.66,"Graves, Moss and Lewis",4,Debit,Art job shoulder sometimes newspaper structure seat.
1457,2,28-04-2023,268.81,Woods-Watkins,1,Credit,Across police idea project without hand.
1458,1,05-10-2023,147.72,"Mcclure, Lynn and Obrien",7,Credit,Conference yeah develop after class hold.
1459,2,02-11-2023,380.39,Stewart Inc,9,Debit,Those power begin across bring anyone.
1460,6,28-12-2022,348.73,Salazar-Gutierrez,10,Debit,Product production again family board these media scientist.
1461,1,31-08-2023,372.75,"Obrien, Madden and Robles",10,Debit,Half year tax despite.
1462,6,15-02-2023,471.71,Pollard Inc,6,Debit,Respond might administration strong.
1463,6,20-05-2023,25.87,"Thomas, Johnson and Lewis",5,Credit,Kind artist edge we find.
1464,6,21-02-2023,33.61,Hayden PLC,4,Debit,Window run major possible short street room.
1465,1,23-04-2023,79.06,Houston-Miller,1,Debit,Receive window seek mission.
1466,1,08-08-2023,18.05,Herrera-Duran,8,Debit,End century last result.
1467,1,11-04-2023,442.63,Ortiz LLC,2,Credit,Cover scene help investment large.
1468,2,11-04-2023,120.87,"Murphy, Garza and Barton",5,Credit,Represent simply ask bag once international.
1469,1,14-10-2023,215.27,"Ross, Delgado and Jennings",3,Debit,Many minute kind war just including since.
1470,2,27-10-2023,376.18,King Group,4,Debit,Morning free focus seek trip herself.
1471,6,30-03-2023,499.88,Franklin Ltd,9,Debit,Security remember simple career.
1472,1,30-12-2022,269.75,Patel Ltd,7,Credit,Finish feel face really.
1473,1,15-05-2023,36.81,Grant Inc,9,Credit,Produce computer exist push.
1474,6,12-03-2023,116.67,"Perez, Hamilton and Patterson",4,Credit,Into include hair protect trouble black.
1475,1,27-04-2023,121.4,"Molina, Jones and Shaffer",6,Credit,Night support decision trip catch space rule western.
1476,2,06-10-2023,345.21,Burnett Ltd,4,Debit,Seem per win natural commercial hard apply happy.
1477,6,26-06-2023,232.53,"Lewis, Warren and Conley",2,Debit,Sell court after talk.
1478,6,09-08-2023,275.93,Dunlap-Thomas,8,Credit,Short simply suggest yard dark.
1479,3,24-03-2023,80.65,Vasquez LLC,3,Debit,Break beyond career price cup include compare.
1480,6,14-06-2023,206.74,Marks and Sons,9,Credit,Give and early wall.
1481,5,26-06-2023,55.36,Patel Ltd,4,Debit,She now civil indicate kid a.
1482,4,05-11-2023,351.48,Cordova-Fisher,7,Debit,Especially answer message since nice community.
1483,1,03-02-2023,98.58,Miller Ltd,9,Debit,School defense nation food beautiful board.
1484,6,06-06-2023,10.98,Huffman-Odonnell,10,Credit,Maintain consider address year.
1485,3,02-06-2023,156.54,Levine-Nguyen,6,Credit,Simply respond Mr support information home than report.
1486,3,26-06-2023,71.14,Mcguire and Sons,10,Credit,Ready necessary into evidence particularly answer age.
1487,5,23-05-2023,465.17,"Williams, Miller and Green",5,Credit,Single author better scene good really.
1488,6,08-03-2023,251.8,"Simpson, Lucas and Thompson",2,Debit,Get to despite cut determine indicate.
1489,1,10-03-2023,236.06,Bradford-Franklin,4,Debit,Check system agree glass.
1490,2,25-05-2023,23.12,Farmer-Perez,7,Credit,City off whom send hold learn move.
1491,3,10-11-2023,280.18,Clark Group,9,Debit,Official experience much head child collection bag push.
1492,4,02-06-2023,455.27,Miller-Schneider,10,Debit,Director truth key Democrat away adult.
1493,5,27-12-2022,308.31,James LLC,2,Credit,Expert sort gun blood professor.
1494,6,17-02-2023,233.2,Turner Group,4,Credit,Suggest spring reveal month read rest.
1495,4,17-05-2023,299.42,Cook-Johnson,5,Debit,Food major three understand material.
1496,1,14-09-2023,119.69,"Pratt, Kirk and Lane",1,Credit,Behind they serious mention.
1497,3,25-05-2023,159.79,Skinner-Grimes,2,Credit,Perform seven may red can reflect every.
1498,4,14-03-2023,153.9,"Miller, Gill and Perry",8,Credit,End school their surface education wonder idea.
1499,1,09-05-2023,65.23,"Elliott, Mendoza and Duarte",10,Credit,Now piece another official say gun.
1500,3,05-01-2023,384.33,Cross-Thompson,3,Credit,Maintain on must specific.
1501,2,21-07-2023,131.21,Holland and Sons,5,Debit,Office art reason those wear interesting.
1502,6,13-03-2023,120.3,Davidson-Jensen,10,Credit,Piece still stop carry.
1503,4,12-09-2023,425.51,"Wise, Ford and Diaz",10,Credit,Film chair about strategy politics itself throughout.
1504,2,27-09-2023,233.66,"Moore, Soto and Schroeder",8,Debit,Line top less require cause state be special.
1505,2,31-03-2023,496.35,Haynes Inc,6,Debit,Lay sister point inside term others.
1506,5,03-12-2022,182.95,Morales LLC,4,Credit,Feeling all finish course movement low say me.
1507,4,03-02-2023,99.78,"Gordon, Pena and Brown",10,Credit,Travel raise rock thousand figure technology thousand.
1508,3,18-05-2023,110.36,Castro-Powell,3,Debit,Only color ok necessary for happy.
1509,1,16-10-2023,471.37,"Bradford, Morgan and Williams",10,Credit,Test feeling president tonight trip carry issue.
1510,1,07-06-2023,484.65,Carter-Holt,6,Credit,See when anything yeah culture value they.
1511,1,30-08-2023,276.2,Hart Inc,9,Debit,Magazine law box require well.
1512,1,11-03-2023,75.06,Larsen LLC,2,Credit,Family word cell.
1513,6,31-05-2023,382.77,Dunn-Mckinney,1,Debit,Perhaps material each forward will agreement everyone act.
1514,5,27-03-2023,405.68,Sutton Group,1,Credit,Manager foreign peace speak bad month movie politics.
1515,6,01-08-2023,341.88,Paul LLC,10,Debit,Range series fast travel result else.
1516,4,20-07-2023,22.23,"Miller, Oconnor and Lozano",9,Credit,Happy game film structure power.
1517,6,09-07-2023,351.29,Morse-Mitchell,9,Credit,College factor others wrong.
1518,1,21-09-2023,499.66,"Farmer, Ponce and Harris",10,Debit,Play reach million foot research pass.
1519,3,24-03-2023,103.82,Haas-Taylor,5,Debit,Rate feeling son response issue fine pay.
1520,3,12-03-2023,39.78,Phillips-Ramos,7,Credit,Short maybe kitchen.
1521,5,09-11-2023,190.61,Miller-Smith,10,Credit,Commercial activity say court.
1522,1,27-12-2022,225.58,Martinez-Peterson,8,Debit,Will smile its let best.
1523,2,27-01-2023,32.09,"Walker, Johnson and Watkins",10,Credit,All yes woman book put treat month.
1524,5,17-06-2023,144.08,"Miller, Gonzalez and Harris",8,Debit,Sing pay discuss agreement seat charge.
1525,4,02-05-2023,171.4,Wilson-Gray,2,Credit,Hot window know hospital certainly.
1526,4,15-09-2023,153.1,"Woodard, Sims and Harrison",10,Debit,Player any TV career chair shoulder.
1527,2,29-08-2023,450.91,"Johnson, Young and Miller",5,Credit,Former nor last ahead special pay feel.
1528,2,06-09-2023,366.57,Hernandez and Sons,6,Credit,Sing receive finish whether all soon.
1529,1,06-05-2023,445.66,Williams-Wang,5,Credit,All specific may myself.
1530,6,27-12-2022,177.48,Cohen PLC,6,Debit,Certain record method player interest.
1531,2,26-03-2023,387.73,Miller Ltd,1,Debit,Blue ten senior away either ask.
1532,1,14-11-2023,58.42,Rogers Group,3,Debit,Firm her actually garden.
1533,3,12-07-2023,41.59,Moran Group,4,Debit,Force phone which hospital.
1534,1,11-08-2023,215.39,"Gonzalez, Hubbard and Quinn",6,Credit,Choose baby movement individual design high.
1535,2,25-07-2023,464.13,Villanueva PLC,10,Debit,Computer by similar professor difference such.
1536,4,03-06-2023,147.7,"Hughes, Friedman and Good",7,Debit,College wait sign.
1537,4,27-06-2023,310.97,Johnson-Hudson,5,Credit,Major action foot popular catch the.
1538,4,29-03-2023,427.88,"Newton, Chen and Farmer",1,Debit,Occur country charge guy.
1539,3,14-06-2023,25.81,"Gregory, Gutierrez and Melton",1,Credit,Since member trouble who let heavy good.
1540,5,17-02-2023,491.16,Wallace-Stewart,10,Credit,Involve television century oil dark loss rule.
1541,3,19-08-2023,481.19,Reed Ltd,6,Credit,Process such sit step center movement certainly.
1542,6,05-08-2023,337.35,Cook-Campbell,8,Credit,Sign less physical eight.
1543,2,08-11-2023,495.6,Summers Group,1,Credit,Walk station paper moment strategy manager quality.
1544,5,29-05-2023,37.93,Shaw and Sons,7,Debit,Show marriage culture baby ever radio enjoy.
1545,3,19-12-2022,16.51,"Ortiz, Thompson and Jones",4,Credit,Own plan live though magazine.
1546,3,22-05-2023,273.88,"Ellis, Walker and Benson",9,Debit,It moment contain my friend live international.
1547,2,20-10-2023,20.55,"Baker, Anderson and Smith",6,Credit,Sign another despite.
1548,2,30-12-2022,71.67,Cunningham-Combs,3,Debit,Probably education particularly statement.
1549,3,26-11-2023,399.66,"Duran, Mcpherson and Lewis",6,Debit,Similar president recognize tell national opportunity describe.
1550,6,16-12-2022,63.04,Walker PLC,7,Debit,Tough approach Mr look state front.
1551,3,14-07-2023,101.21,"Burke, Miller and Blackwell",2,Credit,Describe me entire wide.
1552,6,23-05-2023,477.0,Black-Osborne,4,Debit,Run continue goal particularly lead modern staff.
1553,1,12-03-2023,457.66,"Webb, Williams and Mcgee",1,Debit,Man seek computer change offer create.
1554,5,13-07-2023,279.06,Arnold-Barnett,1,Debit,Soon oil first above forget foot late.
1555,4,27-09-2023,347.31,"Gallegos, Morrison and Campos",8,Debit,Half everything end.
1556,3,08-11-2023,315.77,"Sanders, Lee and Dillon",10,Debit,Seat stage issue baby develop dog central.
1557,5,28-05-2023,125.09,Oneal-Burns,5,Credit,Performance plan information bad cold.
1558,1,25-10-2023,416.34,Carter-Mason,10,Credit,Letter sing clearly.
1559,3,26-11-2023,483.01,Jackson-Moyer,6,Debit,Work process happen order item seven nature.
1560,5,28-11-2023,23.0,"Hudson, Murray and Boone",8,Credit,Choice section them teacher program per.
1561,2,07-02-2023,366.25,Roberts Group,4,Debit,Ten chair set.
1562,1,11-02-2023,348.93,"Anderson, Giles and Collins",2,Debit,Measure senior middle.
1563,6,19-08-2023,217.15,Mckenzie-Savage,4,Debit,Leader rest because course staff success move.
1564,3,12-03-2023,34.27,"Thomas, Brown and James",9,Credit,Discussion sure move before.
1565,4,30-11-2023,352.09,"Evans, Norman and Howe",4,Credit,Student language chance scene rock sort building need.
1566,3,24-11-2023,388.35,Mitchell-Marshall,9,Credit,Benefit meeting billion author yet hit another identify.
1567,3,26-07-2023,141.06,Sandoval PLC,8,Credit,Along hope third system seem number fill.
1568,6,08-01-2023,11.9,Rogers LLC,9,Debit,Each fact black alone.
1569,4,25-03-2023,486.06,"Caldwell, Smith and Long",10,Debit,Police either my require property central happen.
1570,1,23-01-2023,379.24,"Ramirez, Matthews and Williams",5,Credit,Ready stop whose art course.
1571,1,19-11-2023,34.3,Short Ltd,7,Credit,Action him tough through edge car win major.
1572,2,18-08-2023,444.21,Mckinney and Sons,7,Credit,Determine not rock both.
1573,3,15-07-2023,5.55,"Harris, Mcclain and Ramsey",8,Credit,House what society exist job radio lawyer.
1574,6,17-05-2023,410.26,"Griffin, Tate and Norton",9,Credit,Similar expect talk policy last.
1575,5,15-07-2023,285.04,"Hughes, Pratt and Nelson",4,Credit,Night we nation leader management travel.
1576,6,17-10-2023,499.62,Perry-Small,5,Debit,Fish agent strategy just girl though.
1577,6,21-12-2022,430.27,"Matthews, Powell and Daugherty",1,Credit,Maybe enter throw likely reason.
1578,1,28-02-2023,201.84,"Walsh, Schroeder and Carr",6,Credit,Soon hour federal possible each.
1579,3,19-03-2023,341.81,"Cortez, Martinez and Lopez",5,Debit,Chance suffer though fear large strategy story.
1580,4,29-11-2023,347.8,"Price, Contreras and Gomez",6,Credit,Edge run writer perform between.
1581,3,29-11-2023,335.15,Tanner Group,3,Debit,None but point just develop debate.
1582,5,15-09-2023,60.54,"Smith, Coleman and Donovan",6,Credit,Work after place bank recent couple parent public.
1583,4,25-08-2023,56.84,Duncan PLC,10,Debit,Over hundred project necessary federal.
1584,4,29-05-2023,68.28,Atkinson-Bennett,1,Credit,Eight poor back television his sure trip.
1585,3,05-07-2023,420.92,Tran Ltd,3,Debit,Better health catch design total strategy board specific.
1586,6,30-07-2023,112.67,"Weaver, Mayo and Martin",4,Debit,Could bank west answer science.
1587,6,16-04-2023,153.39,Gill-Lozano,7,Credit,Last apply third.
1588,3,18-11-2023,374.48,Walker PLC,10,Debit,President or hope look support describe.
1589,2,27-02-2023,392.01,Flores and Sons,7,Debit,Yard choose Democrat.
1590,5,03-09-2023,157.62,"Cook, Williams and Rivera",3,Credit,Difficult morning age big.
1591,1,24-02-2023,279.27,Howard-Lucas,7,Credit,Where huge under international.
1592,6,26-10-2023,194.84,Hartman-Rasmussen,5,Credit,Board push race surface under.
1593,1,03-07-2023,402.19,Thomas-Cox,7,Credit,High environment plan.
1594,3,17-01-2023,348.28,Lopez Inc,1,Credit,Close plant week operation.
1595,4,26-06-2023,367.98,Howard-Shah,8,Debit,Themselves station perform customer direction price positive late.
1596,5,27-01-2023,236.66,Reed Ltd,1,Credit,Official you near stock customer your.
1597,3,22-06-2023,208.3,"Schmidt, Cruz and Torres",4,Debit,All deal bed north free newspaper manage worry.
1598,6,17-09-2023,383.24,"Rodriguez, Dawson and Tucker",10,Debit,Send include leader.
1599,3,25-01-2023,58.92,Robinson Ltd,6,Debit,Final attention worry expert gun central ten.
1600,2,21-10-2023,398.45,Myers-Diaz,5,Credit,Trouble draw fish story.
1601,1,06-05-2023,135.84,"Anderson, Rosales and Flores",6,Debit,Score child majority information.
1602,5,28-01-2023,35.07,"Gaines, Dunn and Irwin",2,Debit,Message learn avoid mention serve.
1603,1,20-07-2023,343.66,"Bates, Jackson and Cook",4,Debit,You although represent expert number.
1604,4,14-11-2023,310.32,Hinton LLC,6,Credit,Old bank recently eat everything suffer clearly hand.
1605,6,18-05-2023,398.91,Brown PLC,9,Debit,Let some democratic.
1606,1,13-09-2023,419.62,"Middleton, Delgado and Webster",7,Debit,Better race fish word reality foreign technology.
1607,3,24-12-2022,195.08,Hutchinson LLC,5,Credit,Until range kitchen responsibility project.
1608,4,02-05-2023,469.19,"Rivers, Mitchell and Torres",10,Debit,Under hotel major night white respond.
1609,2,14-03-2023,388.55,Nelson-Wallace,8,Credit,Drive on board instead.
1610,4,27-09-2023,448.64,Chavez Inc,1,Debit,Worker same institution reality.
1611,6,29-11-2023,63.05,Moore PLC,10,Credit,Reduce improve half once sense.
1612,1,10-07-2023,306.42,Boyle Ltd,2,Debit,Suffer activity some life reflect heart.
1613,2,20-09-2023,260.6,"Rivera, Vance and Reed",6,Debit,Town realize during everything west anyone.
1614,2,09-07-2023,178.47,"Dawson, Mercer and Carlson",2,Credit,I one staff guy sea mean.
1615,5,10-05-2023,337.61,"Dunn, Graves and Mayo",9,Credit,Character ability risk onto level.
1616,6,01-09-2023,404.75,"Cruz, Mccarthy and Wallace",10,Credit,Executive day far culture brother present.
1617,1,04-05-2023,268.94,"Nichols, Stanley and Cross",8,Credit,Many executive build son.
1618,2,17-09-2023,467.22,Pittman-Jones,6,Credit,It news as leave recent whose ability.
1619,3,19-04-2023,265.91,Perez Group,2,Debit,Four if at likely skill teacher not.
1620,6,11-09-2023,35.42,Carter-Zimmerman,4,Debit,Him there computer range a.
1621,3,26-12-2022,219.2,Mckinney-Conrad,7,Debit,Tend up opportunity special.
1622,1,27-01-2023,242.58,"Cantrell, Hanson and Henson",9,Credit,Detail arrive interest minute stop score.
1623,2,01-04-2023,310.64,Adkins-Wilson,5,Credit,Interest capital apply age still.
1624,2,05-02-2023,353.91,King Group,2,Debit,Either chair great.
1625,5,28-04-2023,192.67,Glass-Davis,4,Debit,Major campaign position building career plan.
1626,2,03-08-2023,141.42,"Cabrera, Greene and Hawkins",8,Debit,Major join Mr work woman according.
1627,4,26-04-2023,35.38,"Rivas, Hutchinson and Payne",3,Credit,Doctor traditional live anyone community.
1628,6,18-07-2023,406.6,"Simpson, Curtis and Park",8,Credit,Soon us father indeed.
1629,6,10-05-2023,165.11,Bishop and Sons,1,Debit,Full act information commercial.
1630,6,11-07-2023,441.57,"Mosley, Vasquez and Adams",3,Credit,Plant recently item arm another.
1631,3,24-08-2023,287.23,Conley-Cochran,4,Credit,Often trip soldier office whose tonight none.
1632,1,14-10-2023,464.76,Williams PLC,9,Debit,Individual he grow hear value build gas.
1633,6,26-06-2023,189.85,Herrera Group,5,Debit,Personal article between.
1634,2,06-12-2022,379.31,Cook Group,7,Debit,Discussion heavy box should.
1635,5,05-09-2023,484.8,Tucker PLC,4,Debit,Thus spring glass identify.
1636,4,23-05-2023,194.95,Jennings Group,1,Credit,Five nothing surface total individual.
1637,1,20-07-2023,250.42,Hayden-Perkins,8,Credit,Imagine test recognize after need something table.
1638,5,24-08-2023,201.03,Powell-Deleon,2,Debit,Yeah this somebody.
1639,3,23-05-2023,443.41,Watson Group,1,Debit,Him break maybe any resource score executive suggest.
1640,6,18-04-2023,19.57,Thompson-Snyder,2,Debit,Bed western bad soon mouth.
1641,1,29-03-2023,362.93,Doyle PLC,3,Debit,Board imagine bring knowledge.
1642,6,28-06-2023,133.84,"Peters, Ferguson and Shaw",7,Credit,Turn camera somebody remember.
1643,4,25-07-2023,43.07,"Chavez, Rich and Rivera",2,Credit,Film reduce glass interview.
1644,5,03-01-2023,78.38,Nelson Ltd,4,Debit,Hot foot occur though writer.
1645,4,25-10-2023,336.73,Cisneros-Wilson,9,Credit,Interest road unit region special culture million image.
1646,5,26-01-2023,55.82,"Obrien, Evans and Frederick",7,Credit,Serve project hand traditional.
1647,6,26-10-2023,157.79,Sanders Inc,8,Debit,Include statement join sport ball charge.
1648,1,13-10-2023,99.57,Payne-Woods,6,Credit,Impact prove miss student account nature bar everything.
1649,1,08-03-2023,352.53,"Hale, Powell and Maldonado",10,Credit,Foot major trouble simply throw win.
1650,3,03-07-2023,179.88,Holland-Hill,9,Credit,Us thank knowledge cover develop meet approach.
1651,2,07-08-2023,206.4,Day PLC,10,Credit,Particularly become information agree call everything her music.
1652,5,25-01-2023,174.06,Bird-Thomas,2,Debit,Own race culture lot stock something.
1653,3,28-09-2023,220.78,Kelley-Herman,3,Debit,Determine hard process hear first.
1654,5,29-03-2023,445.16,"Turner, Price and Black",5,Credit,Image hard play later box record level late.
1655,3,30-06-2023,118.77,Hess LLC,3,Credit,Direction place indicate whose.
1656,6,17-05-2023,426.95,"Brooks, Bailey and Perry",8,Credit,Appear least writer dog police body.
1657,4,23-07-2023,40.65,Chavez PLC,9,Debit,Trial Democrat test home lay fund.
1658,5,02-07-2023,437.47,Fowler-Compton,5,Credit,Student subject magazine each.
1659,5,07-10-2023,200.82,Ross-Morrison,2,Debit,Wide sing model prevent especially her.
1660,4,05-04-2023,281.05,Waters Group,5,Debit,Nation book old data fact onto far.
1661,2,06-01-2023,248.93,Harrington Group,6,Credit,Identify full simply focus home.
1662,1,13-02-2023,255.57,Jenkins Inc,8,Debit,Fine speech free short stock follow receive.
1663,6,11-04-2023,445.53,Rubio LLC,8,Credit,Same condition clear wait suggest.
1664,1,09-07-2023,380.19,Willis Group,2,Credit,Same dream quality impact economic simple sell.
1665,4,25-11-2023,104.75,"Jones, Mitchell and Davis",1,Debit,Peace back life provide local audience.
1666,5,03-05-2023,212.65,Lopez Group,8,Debit,Weight opportunity will green sister.
1667,2,09-06-2023,216.39,"Mason, Reed and Johnson",4,Debit,Project tax above current answer wall consumer.
1668,1,25-09-2023,47.8,"Schultz, Contreras and Moyer",3,Credit,Window half next note down movement modern.
1669,4,18-04-2023,210.14,Mendoza Ltd,5,Credit,Stage mission wall concern.
1670,5,16-01-2023,411.52,"Wilkins, Strickland and Vaughn",6,Credit,Total player authority on end water.
1671,1,06-07-2023,253.29,Wheeler-Watkins,4,Debit,Manage race measure series finish line.
1672,3,11-04-2023,186.96,"Shepard, Jensen and Taylor",4,Credit,Ball really between available pretty many bed specific.
1673,4,09-05-2023,342.22,Barr-Cuevas,5,Debit,Site from necessary physical collection growth.
1674,6,26-08-2023,462.91,Cowan-Casey,1,Credit,Hit region one various.
1675,5,07-08-2023,479.88,"Francis, Robertson and Phillips",3,Credit,Break large music.
1676,3,04-04-2023,353.29,Glenn LLC,4,Credit,She agree could per nation.
1677,1,27-11-2023,452.28,Nichols and Sons,3,Credit,While security quite country available factor.
1678,2,09-01-2023,350.93,"Ruiz, Smith and Curtis",7,Credit,Heart decade cause.
1679,3,27-01-2023,377.93,Miller LLC,8,Debit,Two carry be particular enter during discover.
1680,4,29-05-2023,59.25,Davis-Key,10,Debit,Record lawyer three outside free one occur.
1681,2,15-03-2023,87.82,"Miller, Trevino and Taylor",5,Debit,Chance site buy our house fast happen.
1682,2,26-07-2023,41.81,Stevens Inc,4,Debit,Page matter recently give question least.
1683,6,21-05-2023,120.97,"Collins, Roberson and Ewing",8,Credit,Process upon like recognize.
1684,1,09-02-2023,286.32,"Shepard, Golden and Banks",6,Credit,Blue building else military wait.
1685,5,06-11-2023,353.37,Palmer-Li,4,Debit,Late thought perform government past.
1686,5,19-08-2023,386.47,"Salazar, Johnson and Cooper",9,Credit,Ball himself truth effort light affect.
1687,2,22-03-2023,423.37,Short-Paul,10,Credit,City blood mission debate enough.
1688,1,26-09-2023,39.26,Miller and Sons,6,Debit,Impact within idea mention develop middle kind.
1689,2,31-10-2023,118.92,Cobb-Gonzalez,9,Debit,Late health late interest theory like conference.
1690,6,20-10-2023,355.74,Jones-Lee,5,Credit,Tv peace special reach how product rise.
1691,2,12-09-2023,260.71,Osborn-Rodriguez,7,Credit,Baby break crime bar reach.
1692,2,15-02-2023,239.24,Miller LLC,2,Credit,Soon eight month service seven memory.
1693,5,03-03-2023,126.16,"Zamora, Washington and Hurley",3,Debit,Remember mission a more stage order.
1694,6,05-02-2023,41.54,Brown-Hughes,9,Credit,Or available could rich mother.
1695,6,24-05-2023,305.74,"Martinez, Ali and Williams",2,Debit,Mind able rest different.
1696,4,08-02-2023,11.27,"Alvarez, Dixon and Ray",5,Debit,Decade gas around or conference case.
1697,3,16-03-2023,325.3,Friedman Inc,10,Credit,Since sound tough police.
1698,4,20-09-2023,267.25,Aguilar-Gutierrez,10,Debit,Own five product law size recent court.
1699,3,26-07-2023,379.09,White LLC,7,Debit,Nice world clear less see these inside.
1700,1,15-11-2023,227.9,Waters-Mccormick,1,Debit,Surface play senior position parent society.
1701,2,19-12-2022,463.25,"Jones, Gutierrez and Mills",5,Credit,Stage remain safe.
1702,6,04-04-2023,197.64,"Cook, Mathews and Allen",7,Debit,Half think provide stand positive cultural not some.
1703,6,14-06-2023,163.57,Lozano Ltd,7,Debit,Painting beautiful technology explain discover.
1704,3,27-03-2023,57.78,Thomas Ltd,8,Debit,Issue decision learn design discussion set guy.
1705,4,26-02-2023,311.01,Robinson-Watkins,5,Credit,Play billion food upon.
1706,6,04-06-2023,226.02,"Sullivan, Reynolds and Hamilton",1,Debit,Store future customer dream.
1707,4,10-10-2023,31.78,"Flynn, Lewis and Savage",3,Credit,Personal they first window any.
1708,4,20-10-2023,236.93,Reyes-Fuller,5,Credit,Lawyer heavy professor see prove century.
1709,1,04-11-2023,480.31,"Johnson, Shaw and Wilson",8,Debit,Condition ability drop successful case.
1710,2,05-07-2023,83.39,Olson-Long,7,Debit,Speech answer individual address either score her.
1711,3,10-03-2023,192.69,Reese-Smith,3,Debit,Movement around then behavior again everything.
1712,2,03-09-2023,88.11,Shannon-Contreras,1,Debit,At town order bag movement strong skill.
1713,3,28-01-2023,134.29,Frost-Williams,8,Credit,Pressure prevent woman.
1714,1,23-04-2023,127.32,Valentine-Fritz,7,Debit,Little unit power other tree light.
1715,6,25-02-2023,386.96,"Anderson, Sandoval and Ramos",10,Debit,Explain meet ready save woman.
1716,2,30-11-2022,290.19,"Gregory, Leach and Smith",8,Debit,Store after Mr attorney up build develop.
1717,3,20-08-2023,103.24,Boyer LLC,9,Credit,Training already cover daughter.
1718,3,02-08-2023,372.17,Glover-Warren,4,Credit,Best eye might public study method true.
1719,3,29-10-2023,355.28,"Williams, Jackson and Jackson",2,Debit,Wear pay sort consumer toward leader.
1720,5,20-11-2023,51.59,Austin-Wright,10,Debit,Stock Mrs form boy particularly other.
1721,3,13-10-2023,311.58,Holder-Smith,7,Credit,Item attack capital cause job collection.
1722,3,21-01-2023,429.66,Ford Ltd,9,Debit,Box as almost enter.
1723,5,16-08-2023,214.82,"Edwards, Harris and Carlson",7,Credit,Hard situation hundred radio alone enough.
1724,4,15-10-2023,64.1,Banks-Bell,7,Credit,Policy feel beat available good.
1725,2,30-03-2023,23.2,Leonard-Marshall,3,Debit,Minute prepare together inside believe.
1726,1,29-01-2023,306.54,Thompson LLC,1,Credit,Town expert buy sport just tree itself.
1727,6,03-02-2023,137.77,"Williamson, Hill and Davis",5,Credit,Section amount different whole doctor cultural seek weight.
1728,2,29-01-2023,110.54,Walsh-Merritt,6,Debit,Traditional quite rule case see.
1729,5,06-10-2023,282.96,Lynn Ltd,9,Debit,Bill beat what sit sometimes capital.
1730,2,01-08-2023,150.24,Wood-Gonzales,9,Credit,Perhaps history mention approach that.
1731,4,26-10-2023,464.37,Rogers-Patel,8,Credit,On fall major movement chair letter.
1732,1,15-10-2023,159.67,Fleming LLC,8,Debit,Even tonight common physical least continue skill season.
1733,1,07-08-2023,412.22,Johnson-Parrish,9,Credit,Should road network discussion relate become.
1734,6,04-08-2023,167.77,Kirby Ltd,10,Debit,Owner tree let choice although lose.
1735,5,06-12-2022,153.24,"Nguyen, Nichols and Benton",4,Credit,Nature movie hundred fight personal.
1736,1,20-03-2023,335.45,Meyer-Miles,2,Credit,Force recognize after pick remain scientist.
1737,3,07-05-2023,366.56,Mendoza and Sons,8,Debit,Yard sit stuff.
1738,1,17-03-2023,65.41,Cameron-Graves,3,Credit,Response form computer since lot.
1739,2,03-09-2023,84.2,"Robinson, Wolfe and Jones",7,Credit,Fine able life travel bag into probably.
1740,2,31-10-2023,356.51,"Rogers, Ho and Bryant",1,Debit,Draw teacher free career quickly.
1741,2,20-10-2023,235.96,Mcgee Ltd,10,Credit,Stop other measure manager drive oil.
1742,4,04-05-2023,489.65,Walker PLC,5,Credit,Imagine issue management writer large.
1743,5,01-10-2023,167.93,"Waters, Sanchez and Reynolds",8,Debit,Bring world thank interesting open nor away.
1744,2,25-12-2022,375.03,Smith PLC,5,Debit,Group director child window arrive push.
1745,5,12-09-2023,261.78,Allen Ltd,10,Debit,Well meeting outside result least ground.
1746,2,05-04-2023,143.5,Blair Inc,10,Credit,Someone down list kind.
1747,5,17-03-2023,69.97,"Mullen, Ramirez and Oneal",3,Debit,Whose travel character support rich onto my return.
1748,1,02-11-2023,101.05,"Francis, Wright and Thompson",2,Credit,He inside group west group rise interesting.
1749,4,03-06-2023,135.19,"Lawrence, Singleton and Hughes",4,Credit,Tv inside within name medical.
1750,6,23-04-2023,487.59,Dougherty-Wright,3,Debit,Black by religious.
1751,4,15-05-2023,341.79,Carter Ltd,2,Credit,Success girl real already gas information.
1752,4,22-10-2023,453.29,"Carter, Hardin and Erickson",9,Credit,Care commercial while ability position.
1753,5,18-05-2023,161.29,Williamson-Hays,9,Credit,Budget claim civil case firm.
1754,6,06-12-2022,341.51,Lynch-Petty,2,Debit,Shoulder medical size responsibility military.
1755,5,23-10-2023,337.82,Benjamin and Sons,6,Credit,Tell who make recognize.
1756,2,16-05-2023,255.73,"Campbell, Robinson and Brown",9,Credit,Itself much image debate.
1757,2,08-02-2023,85.96,Burke-Gross,2,Debit,None degree occur already but station.
1758,4,28-03-2023,142.61,Cobb PLC,2,Credit,Partner right on police environmental thought.
1759,6,31-05-2023,422.25,"Mendez, Ford and Thompson",6,Debit,Free international raise those.
1760,2,12-02-2023,182.53,"Torres, Mcdonald and Kelly",7,Debit,Can run free wonder turn.
1761,6,15-06-2023,264.12,Luna PLC,7,Credit,Machine within bag professor focus control.
1762,1,10-02-2023,184.47,Cooper-Malone,1,Debit,Hundred carry soon brother general easy.
1763,4,30-05-2023,194.14,"Lopez, Anderson and Griffin",5,Debit,Evidence amount build despite morning arrive.
1764,6,29-01-2023,34.39,Weaver-Caldwell,4,Debit,Bed outside wrong total.
1765,1,30-03-2023,450.47,"Wade, Tyler and Blankenship",9,Debit,Need certain learn military religious item point.
1766,1,09-05-2023,292.71,Owens PLC,4,Debit,Together operation word since.
1767,1,23-07-2023,133.66,Jones PLC,6,Debit,Body you computer focus teach state.
1768,2,27-08-2023,97.7,Marquez-Brown,7,Credit,Mrs region return really stay performance.
1769,4,01-07-2023,272.72,Ford-Hughes,6,Debit,But hair notice quality investment training pass.
1770,2,10-09-2023,190.66,Hines Ltd,10,Credit,Fear animal democratic bad later much air.
1771,6,23-10-2023,6.98,Ballard Group,5,Credit,Court federal simple suggest.
1772,4,04-10-2023,164.28,"Morales, Landry and Brown",5,Debit,That put we their area recognize seat crime.
1773,1,07-10-2023,33.07,Jones-Zimmerman,4,Credit,Realize air direction only.
1774,2,17-07-2023,82.56,"Hunt, Martinez and White",9,Debit,Miss series bed weight green.
1775,1,10-12-2022,231.22,Espinoza Group,4,Credit,Information house explain control quickly.
1776,5,12-06-2023,118.31,Walker-Allen,9,Debit,Why focus clearly point tend.
1777,3,14-11-2023,98.35,"Webster, Rosales and Bradley",9,Credit,Ask according type challenge.
1778,5,19-08-2023,317.73,Cowan Ltd,1,Credit,Paper relate look face.
1779,2,03-05-2023,425.41,Smith-Stephens,9,Debit,Appear room site benefit pay.
1780,3,27-03-2023,295.97,"Wall, Williams and Watson",6,Debit,Heart wonder something market under.
1781,4,11-05-2023,428.5,Fuentes-Schultz,9,Credit,Paper study sure.
1782,5,04-03-2023,10.72,"Gamble, Hicks and Ramirez",8,Debit,Serious listen scientist.
1783,3,13-06-2023,67.37,"Horton, Mueller and Butler",3,Debit,Scene let heart.
1784,5,06-11-2023,406.98,Salinas Inc,3,Debit,Pretty suddenly Congress number democratic possible.
1785,5,17-11-2023,118.86,"Blair, Mccormick and Rogers",10,Credit,Animal catch appear car edge meeting.
1786,3,19-01-2023,126.76,"Anderson, Hines and Ferguson",3,Debit,Job safe player close produce music.
1787,3,21-12-2022,286.32,Figueroa-Farrell,10,Credit,Perform between fast risk join.
1788,6,01-02-2023,34.59,Bonilla LLC,10,Credit,Health small computer bring expect.
1789,5,01-02-2023,164.83,"Wyatt, Mcclure and Stanton",2,Credit,Let article tell make any.
1790,2,26-02-2023,312.11,"Rivera, Johnson and Hancock",8,Debit,Executive play feel particular peace month keep.
1791,6,02-08-2023,458.81,Sweeney Inc,3,Credit,My something stage point you me base.
1792,6,19-10-2023,440.22,Alvarez-Acosta,2,Credit,Goal hear before machine eight prepare seem population.
1793,2,02-02-2023,362.01,Peterson-Martinez,2,Credit,Together better letter air consider contain.
1794,5,22-01-2023,400.28,"Williams, Beck and Jackson",1,Credit,Choice open forget off.
1795,4,24-06-2023,44.36,"Perry, Martin and Chang",5,Debit,Try five case food eye son glass national.
1796,2,26-02-2023,263.02,Wyatt-Ross,7,Credit,Common effort player soon step war.
1797,3,26-09-2023,189.81,Horne Inc,3,Credit,Degree young task sit different now program.
1798,2,20-12-2022,287.31,Weber-Kennedy,7,Debit,Traditional must rule section will let.
1799,2,02-06-2023,47.84,Erickson-Chung,3,Credit,Special culture style whether all role painting.
1800,1,25-08-2023,227.55,"Martinez, Floyd and Archer",2,Credit,A determine watch partner assume hospital themselves.
1801,4,26-04-2023,378.76,"Miller, Graves and Dawson",5,Credit,Center politics get ago however garden.
1802,3,24-12-2022,243.21,Lee and Sons,6,Credit,Need catch include tax.
1803,4,15-05-2023,348.66,Clayton-Mitchell,1,Credit,Onto machine human center provide serve history answer.
1804,5,07-07-2023,298.17,Palmer-Young,9,Debit,Meeting his analysis.
1805,3,14-11-2023,389.2,Cruz Ltd,5,Debit,Least PM culture follow entire.
1806,4,20-12-2022,335.72,"Miller, Shaw and Rice",4,Debit,Arm fall use break.
1807,6,01-02-2023,221.09,Bishop and Sons,10,Debit,Carry clear data itself.
1808,3,23-09-2023,344.77,"Wood, Waters and Brennan",8,Credit,Level girl decade third region recent notice.
1809,5,13-12-2022,306.19,"Johnson, Brown and Scott",7,Credit,Sure loss reality personal food front.
1810,5,11-08-2023,252.5,Gordon-Johnson,6,Debit,Political paper here little statement memory.
1811,4,11-01-2023,292.19,Green and Sons,2,Credit,State resource key customer trip be responsibility.
1812,6,27-07-2023,478.14,Howe-Gray,4,Debit,Make term bag local special decade better.
1813,4,01-11-2023,168.18,Powell and Sons,2,Credit,Without will recently toward social.
1814,3,06-08-2023,162.82,Little Ltd,5,Credit,Condition paper chance change number job personal.
1815,2,10-05-2023,54.81,Campbell and Sons,5,Debit,Modern act hold style coach.
1816,6,29-06-2023,201.56,Wood LLC,7,Credit,Card speech statement language study possible.
1817,3,04-02-2023,58.43,Sellers-Bishop,10,Debit,Force trip avoid civil left candidate.
1818,1,08-05-2023,380.3,West-Morris,2,Debit,Financial make I situation.
1819,2,31-03-2023,120.32,"Ashley, Nielsen and Perez",8,Debit,Similar condition once now.
1820,2,20-10-2023,295.02,Moran Group,6,Debit,Toward traditional today.
1821,3,04-04-2023,313.87,Schultz Ltd,1,Debit,Available strong fall.
1822,5,15-01-2023,160.19,"Robinson, Oliver and Foster",3,Credit,Outside evening particularly hotel growth say decision.
1823,4,09-01-2023,437.37,"Tucker, Mendez and Montgomery",7,Debit,Power piece above else doctor still.
1824,5,13-07-2023,19.67,"Knight, Robinson and Robinson",8,Debit,Character listen region.
1825,1,17-11-2023,173.15,Guzman-Bishop,6,Credit,Both fire increase.
1826,1,09-10-2023,352.65,"Brown, Nelson and Weber",1,Credit,Significant plant series simple.
1827,6,20-10-2023,387.49,"Booth, Gallagher and Wyatt",9,Credit,Past involve similar kind.
1828,4,05-04-2023,48.78,"Johnson, Sims and Bradley",5,Debit,Off big not through.
1829,3,31-12-2022,330.54,Barton-Tran,3,Debit,Way machine pattern.
1830,3,30-11-2023,459.59,Durham-Huffman,4,Credit,Hotel cause report across key Republican friend.
1831,6,09-06-2023,120.98,Love-Cook,7,Debit,Cultural who many though office these.
1832,5,24-08-2023,89.78,Bennett LLC,7,Credit,Part soldier this keep task ball.
1833,2,06-12-2022,303.95,"Davila, Rivera and Perez",10,Credit,Minute carry relate figure fly reveal.
1834,1,13-01-2023,280.81,Rivera and Sons,3,Debit,Fine trouble despite service need matter.
1835,6,11-03-2023,445.87,Peterson-Kelly,5,Credit,Boy exactly above region avoid less.
1836,3,02-10-2023,7.83,Sandoval-Reed,4,Debit,Her machine expect few thank change worry social.
1837,5,06-02-2023,55.36,"Fields, Moran and Shelton",6,Debit,Level Mr hour majority indicate somebody why.
1838,6,24-06-2023,387.96,Miller Inc,4,Debit,Week seat management room ball room.
1839,2,30-10-2023,84.01,Williams PLC,1,Credit,Interview minute score religious education property woman.
1840,5,28-10-2023,353.6,Ramos-Peterson,3,Debit,Heavy else cup worry foot stage lose listen.
1841,6,13-12-2022,32.94,"Williams, Ashley and Williams",7,Debit,Own water economic real treatment yes car five.
1842,6,17-03-2023,316.05,Hart LLC,4,Credit,Six manage last.
1843,2,21-03-2023,275.37,Murphy PLC,8,Credit,Happen policy skin raise which.
1844,3,20-08-2023,45.64,Smith-Blair,10,Credit,Full task fear out improve modern.
1845,2,12-09-2023,433.55,Johnson-Dixon,9,Credit,Detail civil decade long chance perhaps.
1846,5,14-10-2023,246.98,"Perkins, Smith and Shannon",6,Debit,Western fill table recognize wind.
1847,1,18-03-2023,286.72,Moss-Brown,5,Debit,Surface town town when.
1848,1,07-09-2023,214.55,Pruitt-Ellis,1,Debit,Without make indeed education interest movie news.
1849,4,23-07-2023,161.02,"Wilcox, Thompson and Trevino",1,Credit,Behavior after technology meet some age hospital.
1850,5,29-11-2023,271.09,Diaz Group,3,Debit,In truth kitchen go soldier laugh others paper.
1851,5,05-06-2023,374.09,"Mejia, Robinson and Edwards",9,Debit,Beyond together paper agency claim send.
1852,5,25-02-2023,210.88,"Roberts, Wallace and Walker",1,Debit,School his within fight sure.
1853,5,25-03-2023,246.19,"Baker, Smith and Lawson",1,Debit,Political late bed enough.
1854,6,26-04-2023,254.97,Moore-Lee,4,Credit,Check toward business.
1855,2,27-03-2023,239.39,Tran Group,10,Debit,Nation special at if we stock.
1856,6,16-09-2023,420.32,Taylor-Lee,7,Debit,Treat prepare run none.
1857,3,14-04-2023,455.8,"Green, Barajas and Hayes",4,Credit,Million find deep different fight leg financial whom.
1858,5,20-12-2022,141.65,Sanchez LLC,6,Debit,Yard crime live number respond water should.
1859,6,02-01-2023,483.92,Rivera-James,7,Credit,Direction you power turn discussion listen.
1860,1,20-04-2023,141.93,"Vargas, Swanson and Baird",8,Debit,There upon old.
1861,4,05-04-2023,161.13,Morgan-Fisher,7,Debit,Tree new assume when.
1862,4,30-10-2023,355.18,Johnson-Fry,9,Debit,Technology city example could practice now I.
1863,5,30-03-2023,453.22,Hughes PLC,4,Debit,Student page effort hour piece.
1864,1,31-12-2022,415.1,"Hernandez, Carter and Graham",2,Debit,Them nor particular history easy rise my whom.
1865,2,25-07-2023,157.25,Garza and Sons,2,Debit,Purpose at music where identify sport door.
1866,6,25-03-2023,89.8,"Stevenson, Roberts and Smith",4,Credit,Choose network fast let see.
1867,3,13-12-2022,303.24,Dodson Inc,2,Debit,Daughter difference contain attorney could.
1868,2,01-09-2023,142.38,Hoffman-Gonzalez,1,Debit,Information debate price say record country protect partner.
1869,1,06-08-2023,320.37,Francis-Howard,9,Credit,Drive design imagine.
1870,5,26-04-2023,90.45,Huang and Sons,4,Debit,These important push.
1871,2,07-03-2023,33.58,Shepherd LLC,8,Credit,Sense hope his exist skill training.
1872,1,26-06-2023,7.04,Holder Group,5,Credit,Just with firm sea.
1873,1,19-07-2023,375.54,Perez-Ibarra,3,Debit,Personal kind analysis since.
1874,4,18-07-2023,337.63,Webster Inc,2,Debit,Catch have table morning scene security.
1875,3,28-03-2023,222.44,"Brewer, Thompson and Smith",10,Debit,There major walk stand.
1876,1,31-07-2023,363.02,Roman-Hardin,6,Credit,Statement lead especially maybe.
1877,3,04-05-2023,292.66,George-Brown,9,Credit,Travel difference learn gas already candidate maintain.
1878,4,25-09-2023,259.02,Wheeler Inc,3,Debit,Heavy first win yet.
1879,4,06-04-2023,431.63,Chavez PLC,3,Debit,Story those policy site property.
1880,1,11-03-2023,25.52,Luna-Campbell,5,Debit,System so public our suddenly.
1881,6,06-07-2023,166.52,Nichols and Sons,6,Debit,Region environment rise available growth.
1882,1,27-03-2023,379.27,Stanley Group,3,Credit,Possible agent subject compare blood few.
1883,1,14-02-2023,478.08,"Ward, Clark and Crawford",2,Debit,Air research instead Democrat think development standard ever.
1884,3,28-07-2023,81.71,Rivera PLC,4,Credit,Reflect idea about necessary body many east.
1885,1,15-05-2023,59.47,Boyle-Carlson,3,Credit,Small five company those view star ability.
1886,6,06-08-2023,127.85,Green-Brooks,7,Credit,Remain soon production many never end.
1887,1,24-03-2023,344.8,Reed-Williams,1,Credit,Test conference identify case much.
1888,6,22-05-2023,390.18,Shepherd-Gonzalez,7,Credit,House cost star daughter computer have.
1889,4,31-01-2023,493.47,Smith Group,8,Credit,Letter myself reason even three buy one.
1890,5,08-12-2022,309.53,Montes Ltd,5,Debit,Store country clear need all option.
1891,5,10-03-2023,85.26,Craig-Clay,10,Credit,Animal claim president wide.
1892,1,16-05-2023,136.64,Johnson-Ramirez,6,Credit,Outside once approach where record two.
1893,3,20-08-2023,475.3,Crosby and Sons,10,Debit,Above issue get research.
1894,5,05-05-2023,472.72,"Chapman, Miller and Kim",6,Credit,Food culture second decade each stock whole.
1895,4,13-07-2023,150.94,"Moore, Davidson and Jones",9,Debit,Project physical cell Republican.
1896,6,30-01-2023,26.18,Phillips Ltd,8,Credit,Protect memory front administration.
1897,4,11-03-2023,417.8,Lutz-Peterson,6,Debit,Another member newspaper southern to himself.
1898,6,31-10-2023,499.33,"Vargas, Blake and Strong",8,Credit,Page fund add student provide.
1899,2,08-12-2022,374.13,Horn-Perez,8,Debit,Commercial person art best on street this.
1900,1,31-05-2023,148.9,"Castillo, White and Carpenter",3,Debit,Nature little shake least.
1901,2,23-12-2022,315.88,"Miller, Fitzpatrick and Walker",3,Debit,Number ever different message land development.
1902,3,03-12-2022,474.08,"Gibson, Moore and Patrick",5,Credit,Everyone suddenly know interview.
1903,5,24-03-2023,162.78,Lamb-Garcia,2,Debit,Well treatment scene quite establish.
1904,3,19-06-2023,209.69,"Perez, Lucas and Wolfe",3,Debit,Push be exist change police trial.
1905,3,22-04-2023,227.03,Perez PLC,2,Credit,Crime require commercial deal change.
1906,2,05-05-2023,59.88,"Reed, Frey and Patterson",6,Debit,Rest response forward.
1907,4,16-06-2023,332.28,"Hammond, Kelly and Boyer",8,Debit,Address option edge real.
1908,5,17-08-2023,114.12,"Chang, Nelson and Bowman",5,Debit,Animal miss young traditional much.
1909,1,04-08-2023,349.64,"Sellers, Sullivan and Hall",10,Credit,Exactly as bad friend how toward.
1910,5,23-02-2023,124.37,Stewart-Alvarez,6,Credit,Picture individual threat best edge.
1911,6,03-05-2023,287.99,Mccullough Ltd,10,Debit,Describe may list dream thus.
1912,3,01-05-2023,245.35,Carney-Campos,4,Credit,Store themselves daughter dog.
1913,1,24-06-2023,35.84,Carter PLC,5,Debit,Region letter be film force.
1914,4,28-09-2023,243.23,Garrett-Cooper,7,Debit,Stock traditional century interview produce half here available.
1915,4,05-07-2023,329.34,"Henderson, Ward and Lee",8,Credit,Let stop to administration listen performance ahead.
1916,2,23-06-2023,255.47,Hendrix Group,9,Debit,Prepare middle win building body daughter bed try.
1917,4,19-12-2022,235.61,Ortiz Inc,9,Debit,A program in table imagine off range.
1918,2,01-10-2023,483.59,Horton-Ward,1,Credit,Able he body.
1919,5,26-10-2023,105.77,"Harris, Wise and Sharp",5,Debit,Never process time son star fund.
1920,2,23-08-2023,227.04,Jones PLC,7,Debit,True wonder opportunity.
1921,1,15-02-2023,32.46,Clark-Schultz,6,Debit,Month play lawyer first its wear answer.
1922,2,15-08-2023,118.83,Lowe Inc,9,Debit,Actually act anything.
1923,3,22-05-2023,407.8,King-Rivera,6,Debit,Main teacher hot might arrive.
1924,5,11-01-2023,323.9,Klein Ltd,8,Debit,Return push forget about expert.
1925,5,03-02-2023,464.21,"Baker, Hunt and Baker",1,Debit,Everyone before a rather big cover responsibility.
1926,4,13-07-2023,249.0,"Beck, Barnes and Ferguson",10,Debit,Sign price scientist.
1927,5,25-01-2023,54.04,Jacobs-Williams,9,Credit,Meeting talk they woman big important.
1928,2,30-05-2023,124.62,"Anderson, Boyer and Castro",2,Debit,Report real human interest.
1929,1,11-09-2023,144.2,"Holmes, Lamb and Hicks",9,Debit,Station last although.
1930,3,09-04-2023,329.98,Fuentes-Hull,6,Credit,Up citizen religious recognize perhaps serious.
1931,3,23-06-2023,15.2,Green-Adams,7,Credit,Church analysis hit consumer number.
1932,1,07-08-2023,299.39,Estes LLC,7,Debit,Wide dream where air teacher.
1933,3,02-07-2023,341.34,Ayala and Sons,5,Debit,Throughout age remain kitchen.
1934,4,30-05-2023,86.32,Hooper PLC,5,Debit,Me human region.
1935,6,18-12-2022,250.08,"Odom, Alexander and Ashley",10,Debit,Increase improve hope per.
1936,4,10-07-2023,116.9,Johnson-Smith,6,Debit,Eight late more us early here notice democratic.
1937,6,15-12-2022,438.02,Tucker Group,6,Credit,Accept eight study heart stage lay.
1938,1,02-04-2023,24.6,Webb Group,1,Debit,Everyone figure push difficult more feel.
1939,3,26-08-2023,401.47,Adams LLC,9,Credit,Home eight defense gas doctor own.
1940,4,28-02-2023,321.68,"Park, Mendoza and Green",4,Debit,His across need color seem beyond energy.
1941,5,20-01-2023,417.33,"Torres, Villanueva and Ruiz",10,Credit,Executive remain be.
1942,4,18-12-2022,169.72,Navarro-Smith,6,Debit,Human believe wall eat you discuss.
1943,5,29-11-2023,489.63,"Vincent, Garcia and Martinez",10,Debit,Because choice road through section ground note.
1944,2,10-11-2023,331.98,"Spencer, Norris and Wilson",8,Debit,History forward officer subject water even.
1945,4,09-10-2023,300.41,Dunn Ltd,9,Credit,Film public quickly away quickly site office with.
1946,5,27-10-2023,131.0,"Lowe, Collins and George",5,Debit,Through dog hear bit just head little.
1947,3,14-02-2023,464.5,"Hernandez, Webb and Mcneil",1,Debit,Explain area history air financial everybody big.
1948,3,02-09-2023,294.68,"Hall, Arnold and Smith",6,Credit,Baby option improve catch stay wide guess.
1949,3,26-06-2023,454.11,Jones-Thomas,3,Credit,Drop seat price ground tough writer.
1950,6,20-11-2023,208.64,Peters-Munoz,6,Debit,Claim ball all man best.
1951,1,01-04-2023,303.58,Kennedy Group,8,Credit,No another western them.
1952,1,02-05-2023,437.02,Stuart-Davis,4,Credit,Might of three current.
1953,2,08-08-2023,442.65,"Berry, Rangel and Sexton",6,Debit,Few thus check relate.
1954,1,04-08-2023,78.7,Vazquez PLC,2,Credit,Product behavior save type.
1955,1,18-05-2023,422.97,Hernandez LLC,8,Credit,Season picture someone threat think artist.
1956,5,11-04-2023,133.14,"Crawford, Houston and Phillips",2,Debit,Of would fish.
1957,3,27-12-2022,308.33,"Brown, Mack and Hernandez",1,Credit,Popular however later big.
1958,5,21-09-2023,296.54,"Diaz, Williams and Lin",4,Debit,Win grow imagine place.
1959,2,08-07-2023,404.31,Davis Inc,5,Credit,Four knowledge man war.
1960,4,01-04-2023,354.44,Huber-Smith,4,Debit,Decision allow cover by sport smile.
1961,1,08-12-2022,155.84,Miller Group,7,Credit,Letter option concern mention improve.
1962,6,04-03-2023,264.27,Anderson PLC,3,Debit,Imagine director beat news room.
1963,5,17-05-2023,114.17,"Higgins, Brewer and Day",5,Debit,Series call thousand purpose seat vote down think.
1964,6,06-12-2022,336.33,Valdez-Huffman,6,Debit,Itself of same evidence budget doctor.
1965,5,07-10-2023,33.29,"Grant, Williams and Roberts",10,Credit,Available act determine theory push professional eye rest.
1966,1,30-01-2023,313.67,Lewis and Sons,4,Debit,Degree affect standard lose.
1967,4,18-05-2023,142.17,Cortez-Smith,7,Debit,Us sometimes wait whether foot part late.
1968,6,13-04-2023,53.86,Webb-Dunlap,10,Debit,Back rise special skill want memory enjoy.
1969,5,11-06-2023,148.89,Edwards Inc,8,Debit,Very election practice reach cold.
1970,3,14-04-2023,245.65,"Richardson, Thompson and Anderson",4,Credit,During shake respond probably street city.
1971,4,04-07-2023,328.41,Meyers Group,5,Credit,We remain product there upon to yard.
1972,5,24-11-2023,181.16,Chambers Inc,1,Credit,Technology never manager I.
1973,2,07-03-2023,123.44,"Zimmerman, Brewer and Smith",7,Debit,Tree space firm nearly admit single true.
1974,1,20-10-2023,444.91,Huang-Rivera,9,Credit,Win continue discuss pattern woman democratic.
1975,5,15-10-2023,202.45,Phillips-Smith,5,Debit,Consumer long ago industry.
1976,4,26-08-2023,314.63,"Monroe, Franco and Park",7,Debit,Word law hair kid consider.
1977,6,16-01-2023,420.12,Salazar-Duffy,10,Credit,Institution bit be collection style place involve.
1978,2,03-05-2023,418.77,"Brown, Holt and Williams",2,Credit,Despite risk buy later.
1979,4,09-02-2023,486.75,Estrada-Carey,8,Credit,Impact bit use seek born result at.
1980,4,02-08-2023,473.25,Rodriguez-Walker,3,Debit,Inside at upon source.
1981,1,12-12-2022,119.2,Campbell-Freeman,2,Credit,Herself treatment cut.
1982,5,08-12-2022,401.21,Soto PLC,4,Credit,On executive some discussion know company way represent.
1983,5,27-01-2023,485.19,Davila-Hamilton,4,Debit,Writer city feeling organization.
1984,3,08-06-2023,484.06,Cummings-Carpenter,7,Debit,Value western dream operation item doctor.
1985,4,19-04-2023,117.05,Trevino Inc,3,Debit,Toward experience Congress generation summer often.
1986,1,25-03-2023,490.5,Myers Group,9,Credit,Democrat energy leader become your direction.
1987,1,18-09-2023,310.41,Robinson Ltd,7,Credit,Court life voice generation real body.
1988,6,20-05-2023,144.71,Gilbert-Pollard,2,Debit,Think reach particular more room manage budget guy.
1989,2,16-09-2023,402.22,Huffman-Potter,10,Credit,Key both short unit many tend partner who.
1990,5,28-05-2023,316.91,Montoya Ltd,6,Debit,Most major ready as hold perhaps main any.
1991,5,20-01-2023,162.54,"Blevins, Garcia and Newton",7,Credit,Enjoy personal money.
1992,4,15-06-2023,199.93,Nelson-Jefferson,9,Credit,Or window half culture floor morning.
1993,5,03-09-2023,16.6,Newton Group,10,Credit,Property show Mrs again actually score nor.
1994,2,15-07-2023,118.21,"Nelson, Joseph and Jones",2,Debit,But fine follow garden education floor serious by.
1995,1,03-07-2023,170.05,Hill PLC,3,Credit,He off scientist candidate less first.
1996,3,13-06-2023,495.81,"Preston, Morris and Hunter",8,Debit,On behind without month fly young within.
1997,5,01-09-2023,492.99,Brown PLC,8,Credit,Many theory miss know view bank center.
1998,6,05-04-2023,19.96,"Franklin, Hobbs and Wilson",9,Credit,Course system occur begin stock base foot.
1999,2,06-08-2023,390.27,Miller-Dean,5,Credit,Despite however specific table.
2000,3,28-08-2023,128.91,"Shaw, Harris and Mclaughlin",5,Credit,Tonight argue get paper institution reveal.
